 ;;;;;;2017-12-28;;2017-12-28;;;;;;;;;;;;;;;;;;;;;;;;;;;;;;;;;
;;;;;;;;;;;;;;;;;OMX:;#SAKNAS!;;;JK:;WG:;MH:;EE:;TOT:;;;;;;;;;;;;;;;;
;;;;;;;;;;;;;;#SAKNAS!;;;;;;;;;;;;;;;;09:20:51;;;;;;;;;;;
;;;;;;;;;;;;;;;;;CSX:;#SAKNAS!;;;#SAKNAS!;#SAKNAS!;#SAKNAS!;#SAKNAS!;#SAKNAS!;;;;;;MOM;MOM;VOL;VOL;MCAP;;;;;;
;;;;;;;;;;;;;;;;;;;;;;;;;;;;;;;;;;;;;;;;;
;;;;;;;;;;;;;;;;;;;;;;;;;;;;;;;;;;;;;;;;;
;;;;;;;;;;;;2021-04-12;;;;;;;;;;;;;;;;;;;L/S ;PORTO;L/S ;PORTO;L/S ;;;;;;
TICKER;;;Market;Price;MarketCap;5 days;ADV;Beta 2Y;ß Net;PM;PRICE;VOLUME;VALUE;SIZE;;;WEIGHT;% 1D;∆ SEK 1D;∆ 1D;∆ 1D;DPS;DIV;∆ 1W;∆ MTD;∆ 1M;∆ 3M;∆ 6M;VOL 30D;MOM;WEIGHT;WEIGHT;WEIGHT;WEIGHT;WEIGHT;;;;;;
ABSO;;;SSE;#SAKNAS!;#SAKNAS!;#SAKNAS!;#SAKNAS!;0,80;#SAKNAS!;EE;#SAKNAS!;20 000;#SAKNAS!;#SAKNAS!;;;#SAKNAS!;#SAKNAS!;#SAKNAS!;#SAKNAS!;#SAKNAS!;#SAKNAS!;#SAKNAS!;#SAKNAS!;#SAKNAS!;#SAKNAS!;#SAKNAS!;#SAKNAS!;#SAKNAS!;#SAKNAS!;#SAKNAS!;#SAKNAS!;#SAKNAS!;#SAKNAS!;#SAKNAS!;;;;;;
ADMCM;#SAKNAS!;;HSS;#SAKNAS!;#SAKNAS!;#SAKNAS!;#SAKNAS!;1,50;#SAKNAS!;WG;#SAKNAS!;4 591;#SAKNAS!;#SAKNAS!;;;#SAKNAS!;#SAKNAS!;#SAKNAS!;#SAKNAS!;#SAKNAS!;#SAKNAS!;#SAKNAS!;#SAKNAS!;#SAKNAS!;#SAKNAS!;#SAKNAS!;#SAKNAS!;#SAKNAS!;#SAKNAS!;#SAKNAS!;#SAKNAS!;#SAKNAS!;#SAKNAS!;#SAKNAS!;;;;;;
ADMCM;#SAKNAS!;;HSS;#SAKNAS!;#SAKNAS!;0;#SAKNAS!;1,50;#SAKNAS!;JK;#SAKNAS!;4 135;#SAKNAS!;#SAKNAS!;;;#SAKNAS!;#SAKNAS!;#SAKNAS!;#SAKNAS!;#SAKNAS!;#SAKNAS!;#SAKNAS!;#SAKNAS!;#SAKNAS!;#SAKNAS!;#SAKNAS!;#SAKNAS!;#SAKNAS!;#SAKNAS!;#SAKNAS!;#SAKNAS!;#SAKNAS!;#SAKNAS!;#SAKNAS!;;;;;;
ADMCM;#SAKNAS!;;HSS;#SAKNAS!;#SAKNAS!;0;#SAKNAS!;1,50;#SAKNAS!;EE;#SAKNAS!;1 739;#SAKNAS!;#SAKNAS!;;;#SAKNAS!;#SAKNAS!;#SAKNAS!;#SAKNAS!;#SAKNAS!;#SAKNAS!;#SAKNAS!;#SAKNAS!;#SAKNAS!;#SAKNAS!;#SAKNAS!;#SAKNAS!;#SAKNAS!;#SAKNAS!;#SAKNAS!;#SAKNAS!;#SAKNAS!;#SAKNAS!;#SAKNAS!;;;;;;
AF B;;;SSE;#SAKNAS!;#SAKNAS!;#SAKNAS!;#SAKNAS!;0,80;#SAKNAS!;EE;#SAKNAS!;83 066;#SAKNAS!;#SAKNAS!;;;#SAKNAS!;#SAKNAS!;#SAKNAS!;#SAKNAS!;#SAKNAS!;#SAKNAS!;#SAKNAS!;#SAKNAS!;#SAKNAS!;#SAKNAS!;#SAKNAS!;#SAKNAS!;#SAKNAS!;#SAKNAS!;#SAKNAS!;#SAKNAS!;#SAKNAS!;#SAKNAS!;#SAKNAS!;;;;;;
AF B;;;SSE;#SAKNAS!;#SAKNAS!;0;#SAKNAS!;0,80;#SAKNAS!;MH;#SAKNAS!;140 000;#SAKNAS!;#SAKNAS!;;;#SAKNAS!;#SAKNAS!;#SAKNAS!;#SAKNAS!;#SAKNAS!;#SAKNAS!;#SAKNAS!;#SAKNAS!;#SAKNAS!;#SAKNAS!;#SAKNAS!;#SAKNAS!;#SAKNAS!;#SAKNAS!;#SAKNAS!;#SAKNAS!;#SAKNAS!;#SAKNAS!;#SAKNAS!;;;;;;
AKEL D;;;SSE;#SAKNAS!;#SAKNAS!;#SAKNAS!;#SAKNAS!;1,30;#SAKNAS!;WG;#SAKNAS!;1 206 828;#SAKNAS!;#SAKNAS!;;;#SAKNAS!;#SAKNAS!;#SAKNAS!;#SAKNAS!;#SAKNAS!;#SAKNAS!;#SAKNAS!;#SAKNAS!;#SAKNAS!;#SAKNAS!;#SAKNAS!;#SAKNAS!;#SAKNAS!;#SAKNAS!;#SAKNAS!;#SAKNAS!;#SAKNAS!;#SAKNAS!;#SAKNAS!;;;;;;
AMBEA;;;SSE;#SAKNAS!;#SAKNAS!;#SAKNAS!;#SAKNAS!;0,80;#SAKNAS!;WG;#SAKNAS!;370 000;#SAKNAS!;#SAKNAS!;;;#SAKNAS!;#SAKNAS!;#SAKNAS!;#SAKNAS!;#SAKNAS!;#SAKNAS!;#SAKNAS!;#SAKNAS!;#SAKNAS!;#SAKNAS!;#SAKNAS!;#SAKNAS!;#SAKNAS!;#SAKNAS!;#SAKNAS!;#SAKNAS!;#SAKNAS!;#SAKNAS!;#SAKNAS!;;;;;;
AMBEA;;;SSE;#SAKNAS!;#SAKNAS!;0;#SAKNAS!;0,80;#SAKNAS!;MH;#SAKNAS!;800 000;#SAKNAS!;#SAKNAS!;;;#SAKNAS!;#SAKNAS!;#SAKNAS!;#SAKNAS!;#SAKNAS!;#SAKNAS!;#SAKNAS!;#SAKNAS!;#SAKNAS!;#SAKNAS!;#SAKNAS!;#SAKNAS!;#SAKNAS!;#SAKNAS!;#SAKNAS!;#SAKNAS!;#SAKNAS!;#SAKNAS!;#SAKNAS!;;;;;;
AMBEA;;;SSE;#SAKNAS!;#SAKNAS!;0;#SAKNAS!;0,80;#SAKNAS!;JK;#SAKNAS!;394 762;#SAKNAS!;#SAKNAS!;;;#SAKNAS!;#SAKNAS!;#SAKNAS!;#SAKNAS!;#SAKNAS!;#SAKNAS!;#SAKNAS!;#SAKNAS!;#SAKNAS!;#SAKNAS!;#SAKNAS!;#SAKNAS!;#SAKNAS!;#SAKNAS!;#SAKNAS!;#SAKNAS!;#SAKNAS!;#SAKNAS!;#SAKNAS!;;;;;;
AMBEA;;;SSE;#SAKNAS!;#SAKNAS!;0;#SAKNAS!;0,80;#SAKNAS!;EE;#SAKNAS!;180 000;#SAKNAS!;#SAKNAS!;;;#SAKNAS!;#SAKNAS!;#SAKNAS!;#SAKNAS!;#SAKNAS!;#SAKNAS!;#SAKNAS!;#SAKNAS!;#SAKNAS!;#SAKNAS!;#SAKNAS!;#SAKNAS!;#SAKNAS!;#SAKNAS!;#SAKNAS!;#SAKNAS!;#SAKNAS!;#SAKNAS!;#SAKNAS!;;;;;;
ANOD B;;;SSE;#SAKNAS!;#SAKNAS!;#SAKNAS!;#SAKNAS!;1,30;#SAKNAS!;WG;#SAKNAS!;104 935;#SAKNAS!;#SAKNAS!;;;#SAKNAS!;#SAKNAS!;#SAKNAS!;#SAKNAS!;#SAKNAS!;#SAKNAS!;#SAKNAS!;#SAKNAS!;#SAKNAS!;#SAKNAS!;#SAKNAS!;#SAKNAS!;#SAKNAS!;#SAKNAS!;#SAKNAS!;#SAKNAS!;#SAKNAS!;#SAKNAS!;#SAKNAS!;;;;;;
ARISE;;;SSE;#SAKNAS!;#SAKNAS!;#SAKNAS!;#SAKNAS!;1,30;#SAKNAS!;MH;#SAKNAS!;444 063;#SAKNAS!;#SAKNAS!;;;#SAKNAS!;#SAKNAS!;#SAKNAS!;#SAKNAS!;#SAKNAS!;#SAKNAS!;#SAKNAS!;#SAKNAS!;#SAKNAS!;#SAKNAS!;#SAKNAS!;#SAKNAS!;#SAKNAS!;#SAKNAS!;#SAKNAS!;#SAKNAS!;#SAKNAS!;#SAKNAS!;#SAKNAS!;;;;;;
ASSA B;;;SSE;#SAKNAS!;#SAKNAS!;#SAKNAS!;#SAKNAS!;1,30;#SAKNAS!;JK;#SAKNAS!;35 000;#SAKNAS!;#SAKNAS!;;;#SAKNAS!;#SAKNAS!;#SAKNAS!;#SAKNAS!;#SAKNAS!;#SAKNAS!;#SAKNAS!;#SAKNAS!;#SAKNAS!;#SAKNAS!;#SAKNAS!;#SAKNAS!;#SAKNAS!;#SAKNAS!;#SAKNAS!;#SAKNAS!;#SAKNAS!;#SAKNAS!;#SAKNAS!;;;;;;
ATCO A;;;SSE;#SAKNAS!;#SAKNAS!;#SAKNAS!;#SAKNAS!;0,80;#SAKNAS!;JK;#SAKNAS!;5 000;#SAKNAS!;#SAKNAS!;;;#SAKNAS!;#SAKNAS!;#SAKNAS!;#SAKNAS!;#SAKNAS!;#SAKNAS!;#SAKNAS!;#SAKNAS!;#SAKNAS!;#SAKNAS!;#SAKNAS!;#SAKNAS!;#SAKNAS!;#SAKNAS!;#SAKNAS!;#SAKNAS!;#SAKNAS!;#SAKNAS!;#SAKNAS!;;;;;;
ATRLJ B;;;SSE;#SAKNAS!;#SAKNAS!;#SAKNAS!;#SAKNAS!;1,30;#SAKNAS!;WG;#SAKNAS!;11 784;#SAKNAS!;#SAKNAS!;;;#SAKNAS!;#SAKNAS!;#SAKNAS!;#SAKNAS!;#SAKNAS!;#SAKNAS!;#SAKNAS!;#SAKNAS!;#SAKNAS!;#SAKNAS!;#SAKNAS!;#SAKNAS!;#SAKNAS!;#SAKNAS!;#SAKNAS!;#SAKNAS!;#SAKNAS!;#SAKNAS!;#SAKNAS!;;;;;;
AZA;;;SSE;#SAKNAS!;#SAKNAS!;#SAKNAS!;#SAKNAS!;0,80;#SAKNAS!;EE;#SAKNAS!;24 202;#SAKNAS!;#SAKNAS!;;;#SAKNAS!;#SAKNAS!;#SAKNAS!;#SAKNAS!;#SAKNAS!;#SAKNAS!;#SAKNAS!;#SAKNAS!;#SAKNAS!;#SAKNAS!;#SAKNAS!;#SAKNAS!;#SAKNAS!;#SAKNAS!;#SAKNAS!;#SAKNAS!;#SAKNAS!;#SAKNAS!;#SAKNAS!;;;;;;
AZELIO;;;SSE;#SAKNAS!;#SAKNAS!;#SAKNAS!;#SAKNAS!;0,80;#SAKNAS!;JK;#SAKNAS!;87 599;#SAKNAS!;#SAKNAS!;;;#SAKNAS!;#SAKNAS!;#SAKNAS!;#SAKNAS!;#SAKNAS!;#SAKNAS!;#SAKNAS!;#SAKNAS!;#SAKNAS!;#SAKNAS!;#SAKNAS!;#SAKNAS!;#SAKNAS!;#SAKNAS!;#SAKNAS!;#SAKNAS!;#SAKNAS!;#SAKNAS!;#SAKNAS!;;;;;;
BALD B;;;SSE;#SAKNAS!;#SAKNAS!;#SAKNAS!;#SAKNAS!;0,80;#SAKNAS!;EE;#SAKNAS!;26 440;#SAKNAS!;#SAKNAS!;;;#SAKNAS!;#SAKNAS!;#SAKNAS!;#SAKNAS!;#SAKNAS!;#SAKNAS!;#SAKNAS!;#SAKNAS!;#SAKNAS!;#SAKNAS!;#SAKNAS!;#SAKNAS!;#SAKNAS!;#SAKNAS!;#SAKNAS!;#SAKNAS!;#SAKNAS!;#SAKNAS!;#SAKNAS!;;;;;;
BETCO;;;SSE;#SAKNAS!;#SAKNAS!;0;#SAKNAS!;1,40;#SAKNAS!;EE;#SAKNAS!;49 202;#SAKNAS!;#SAKNAS!;;;#SAKNAS!;#SAKNAS!;#SAKNAS!;#SAKNAS!;#SAKNAS!;#SAKNAS!;#SAKNAS!;#SAKNAS!;#SAKNAS!;#SAKNAS!;#SAKNAS!;#SAKNAS!;#SAKNAS!;#SAKNAS!;#SAKNAS!;#SAKNAS!;#SAKNAS!;#SAKNAS!;#SAKNAS!;;;;;;
BHG;;#SAKNAS!;SSE;#SAKNAS!;#SAKNAS!;#SAKNAS!;#SAKNAS!;0,90;#SAKNAS!;JK;#SAKNAS!;45 000;#SAKNAS!;#SAKNAS!;;;#SAKNAS!;#SAKNAS!;#SAKNAS!;#SAKNAS!;#SAKNAS!;#SAKNAS!;#SAKNAS!;#SAKNAS!;#SAKNAS!;#SAKNAS!;#SAKNAS!;#SAKNAS!;#SAKNAS!;#SAKNAS!;#SAKNAS!;#SAKNAS!;#SAKNAS!;#SAKNAS!;#SAKNAS!;;;;;;
BONEX;;#SAKNAS!;SSE;#SAKNAS!;#SAKNAS!;#SAKNAS!;#SAKNAS!;1,40;#SAKNAS!;MH;#SAKNAS!;167 490;#SAKNAS!;#SAKNAS!;;;#SAKNAS!;#SAKNAS!;#SAKNAS!;#SAKNAS!;#SAKNAS!;#SAKNAS!;#SAKNAS!;#SAKNAS!;#SAKNAS!;#SAKNAS!;#SAKNAS!;#SAKNAS!;#SAKNAS!;#SAKNAS!;#SAKNAS!;#SAKNAS!;#SAKNAS!;#SAKNAS!;#SAKNAS!;;;;;;
BONEX;;#SAKNAS!;SSE;#SAKNAS!;#SAKNAS!;0;#SAKNAS!;1,40;#SAKNAS!;EE;#SAKNAS!;102 530;#SAKNAS!;#SAKNAS!;;;#SAKNAS!;#SAKNAS!;#SAKNAS!;#SAKNAS!;#SAKNAS!;#SAKNAS!;#SAKNAS!;#SAKNAS!;#SAKNAS!;#SAKNAS!;#SAKNAS!;#SAKNAS!;#SAKNAS!;#SAKNAS!;#SAKNAS!;#SAKNAS!;#SAKNAS!;#SAKNAS!;#SAKNAS!;;;;;;
CAT B;;;SSE;#SAKNAS!;#SAKNAS!;#SAKNAS!;#SAKNAS!;1,40;#SAKNAS!;EE;#SAKNAS!;230 000;#SAKNAS!;#SAKNAS!;;;#SAKNAS!;#SAKNAS!;#SAKNAS!;#SAKNAS!;#SAKNAS!;#SAKNAS!;#SAKNAS!;#SAKNAS!;#SAKNAS!;#SAKNAS!;#SAKNAS!;#SAKNAS!;#SAKNAS!;#SAKNAS!;#SAKNAS!;#SAKNAS!;#SAKNAS!;#SAKNAS!;#SAKNAS!;;;;;;
CAT B;;;SSE;#SAKNAS!;#SAKNAS!;0;#SAKNAS!;1,40;#SAKNAS!;WG;#SAKNAS!;713 553;#SAKNAS!;#SAKNAS!;;;#SAKNAS!;#SAKNAS!;#SAKNAS!;#SAKNAS!;#SAKNAS!;#SAKNAS!;#SAKNAS!;#SAKNAS!;#SAKNAS!;#SAKNAS!;#SAKNAS!;#SAKNAS!;#SAKNAS!;#SAKNAS!;#SAKNAS!;#SAKNAS!;#SAKNAS!;#SAKNAS!;#SAKNAS!;;;;;;
CEVI;;;SSE;#SAKNAS!;#SAKNAS!;0;#SAKNAS!;0,80;#SAKNAS!;EE;#SAKNAS!;26 676;#SAKNAS!;#SAKNAS!;;;#SAKNAS!;#SAKNAS!;#SAKNAS!;#SAKNAS!;#SAKNAS!;#SAKNAS!;#SAKNAS!;#SAKNAS!;#SAKNAS!;#SAKNAS!;#SAKNAS!;#SAKNAS!;#SAKNAS!;#SAKNAS!;#SAKNAS!;#SAKNAS!;#SAKNAS!;#SAKNAS!;#SAKNAS!;;;;;;
CHEMM;#SAKNAS!;#SAKNAS!;CSS;#SAKNAS!;#SAKNAS!;#SAKNAS!;#SAKNAS!;1,00;#SAKNAS!;WG;#SAKNAS!;24 373;#SAKNAS!;#SAKNAS!;;;#SAKNAS!;#SAKNAS!;#SAKNAS!;#SAKNAS!;#SAKNAS!;#SAKNAS!;#SAKNAS!;#SAKNAS!;#SAKNAS!;#SAKNAS!;#SAKNAS!;#SAKNAS!;#SAKNAS!;#SAKNAS!;#SAKNAS!;#SAKNAS!;#SAKNAS!;#SAKNAS!;#SAKNAS!;;;;;;
CRAYN;;;OSS;#SAKNAS!;#SAKNAS!;#SAKNAS!;#SAKNAS!;1,50;#SAKNAS!;EE;#SAKNAS!;47 896;#SAKNAS!;n.m.;;;#SAKNAS!;#SAKNAS!;#SAKNAS!;#SAKNAS!;#SAKNAS!;#SAKNAS!;#SAKNAS!;#SAKNAS!;#SAKNAS!;#SAKNAS!;#SAKNAS!;#SAKNAS!;#SAKNAS!;#SAKNAS!;#SAKNAS!;#SAKNAS!;#SAKNAS!;#SAKNAS!;#SAKNAS!;;;;;;
CSAM;;;OSS;#SAKNAS!;#SAKNAS!;#SAKNAS!;#SAKNAS!;1,50;#SAKNAS!;JK;#SAKNAS!;45 610;#SAKNAS!;n.m.;;;#SAKNAS!;#SAKNAS!;#SAKNAS!;#SAKNAS!;#SAKNAS!;#SAKNAS!;#SAKNAS!;#SAKNAS!;#SAKNAS!;#SAKNAS!;#SAKNAS!;#SAKNAS!;#SAKNAS!;#SAKNAS!;#SAKNAS!;#SAKNAS!;#SAKNAS!;#SAKNAS!;#SAKNAS!;;;;;;
CTM;;;SSE;#SAKNAS!;#SAKNAS!;#SAKNAS!;#SAKNAS!;0,80;#SAKNAS!;EE;#SAKNAS!;80 585;#SAKNAS!;#SAKNAS!;;;#SAKNAS!;#SAKNAS!;#SAKNAS!;#SAKNAS!;#SAKNAS!;#SAKNAS!;#SAKNAS!;#SAKNAS!;#SAKNAS!;#SAKNAS!;#SAKNAS!;#SAKNAS!;#SAKNAS!;#SAKNAS!;#SAKNAS!;#SAKNAS!;#SAKNAS!;#SAKNAS!;#SAKNAS!;;;;;;
CTM;;;SSE;#SAKNAS!;#SAKNAS!;#SAKNAS!;#SAKNAS!;1,40;#SAKNAS!;WG;#SAKNAS!;311 674;#SAKNAS!;#SAKNAS!;;;#SAKNAS!;#SAKNAS!;#SAKNAS!;#SAKNAS!;#SAKNAS!;#SAKNAS!;#SAKNAS!;#SAKNAS!;#SAKNAS!;#SAKNAS!;#SAKNAS!;#SAKNAS!;#SAKNAS!;#SAKNAS!;#SAKNAS!;#SAKNAS!;#SAKNAS!;#SAKNAS!;#SAKNAS!;;;;;;
EMBRAC B;;;SSE;#SAKNAS!;#SAKNAS!;#SAKNAS!;#SAKNAS!;1,40;#SAKNAS!;JK;#SAKNAS!;55 000;#SAKNAS!;#SAKNAS!;;;#SAKNAS!;#SAKNAS!;#SAKNAS!;#SAKNAS!;#SAKNAS!;#SAKNAS!;#SAKNAS!;#SAKNAS!;#SAKNAS!;#SAKNAS!;#SAKNAS!;#SAKNAS!;#SAKNAS!;#SAKNAS!;#SAKNAS!;#SAKNAS!;#SAKNAS!;#SAKNAS!;#SAKNAS!;;;;;;
EMBRAC B;;;SSE;#SAKNAS!;#SAKNAS!;0;#SAKNAS!;1,40;#SAKNAS!;EE;#SAKNAS!;40 000;#SAKNAS!;#SAKNAS!;;;#SAKNAS!;#SAKNAS!;#SAKNAS!;#SAKNAS!;#SAKNAS!;#SAKNAS!;#SAKNAS!;#SAKNAS!;#SAKNAS!;#SAKNAS!;#SAKNAS!;#SAKNAS!;#SAKNAS!;#SAKNAS!;#SAKNAS!;#SAKNAS!;#SAKNAS!;#SAKNAS!;#SAKNAS!;;;;;;
ERIC B;;;SSE;#SAKNAS!;#SAKNAS!;#SAKNAS!;#SAKNAS!;1,30;#SAKNAS!;EE;#SAKNAS!;51 700;#SAKNAS!;#SAKNAS!;;;#SAKNAS!;#SAKNAS!;#SAKNAS!;#SAKNAS!;#SAKNAS!;#SAKNAS!;#SAKNAS!;#SAKNAS!;#SAKNAS!;#SAKNAS!;#SAKNAS!;#SAKNAS!;#SAKNAS!;#SAKNAS!;#SAKNAS!;#SAKNAS!;#SAKNAS!;#SAKNAS!;#SAKNAS!;;;;;;
ERIC B;;;SSE;#SAKNAS!;#SAKNAS!;#SAKNAS!;#SAKNAS!;1,20;#SAKNAS!;WG;#SAKNAS!;170 000;#SAKNAS!;n.m.;;;#SAKNAS!;#SAKNAS!;#SAKNAS!;#SAKNAS!;#SAKNAS!;#SAKNAS!;#SAKNAS!;#SAKNAS!;#SAKNAS!;#SAKNAS!;#SAKNAS!;#SAKNAS!;#SAKNAS!;#SAKNAS!;#SAKNAS!;#SAKNAS!;#SAKNAS!;#SAKNAS!;#SAKNAS!;;;;;;
ESSITY B;;;SSE;#SAKNAS!;#SAKNAS!;#SAKNAS!;#SAKNAS!;0,70;#SAKNAS!;EE;#SAKNAS!;44 707;#SAKNAS!;#SAKNAS!;;;#SAKNAS!;#SAKNAS!;#SAKNAS!;#SAKNAS!;#SAKNAS!;#SAKNAS!;#SAKNAS!;#SAKNAS!;#SAKNAS!;#SAKNAS!;#SAKNAS!;#SAKNAS!;#SAKNAS!;#SAKNAS!;#SAKNAS!;#SAKNAS!;#SAKNAS!;#SAKNAS!;#SAKNAS!;;;;;;
ESSITY B;;;SSE;#SAKNAS!;#SAKNAS!;#SAKNAS!;#SAKNAS!;0,70;#SAKNAS!;WG;#SAKNAS!;239 937;#SAKNAS!;#SAKNAS!;;;#SAKNAS!;#SAKNAS!;#SAKNAS!;#SAKNAS!;#SAKNAS!;#SAKNAS!;#SAKNAS!;#SAKNAS!;#SAKNAS!;#SAKNAS!;#SAKNAS!;#SAKNAS!;#SAKNAS!;#SAKNAS!;#SAKNAS!;#SAKNAS!;#SAKNAS!;#SAKNAS!;#SAKNAS!;;;;;;
ESSITY B;;;SSE;#SAKNAS!;#SAKNAS!;0;#SAKNAS!;0,70;#SAKNAS!;MH;#SAKNAS!;65 000;#SAKNAS!;#SAKNAS!;;;#SAKNAS!;#SAKNAS!;#SAKNAS!;#SAKNAS!;#SAKNAS!;#SAKNAS!;#SAKNAS!;#SAKNAS!;#SAKNAS!;#SAKNAS!;#SAKNAS!;#SAKNAS!;#SAKNAS!;#SAKNAS!;#SAKNAS!;#SAKNAS!;#SAKNAS!;#SAKNAS!;#SAKNAS!;;;;;;
FAG;;;SSE;#SAKNAS!;#SAKNAS!;#SAKNAS!;#SAKNAS!;1,40;#SAKNAS!;EE;#SAKNAS!;66;#SAKNAS!;#SAKNAS!;;;#SAKNAS!;#SAKNAS!;#SAKNAS!;#SAKNAS!;#SAKNAS!;#SAKNAS!;#SAKNAS!;#SAKNAS!;#SAKNAS!;#SAKNAS!;#SAKNAS!;#SAKNAS!;#SAKNAS!;#SAKNAS!;#SAKNAS!;#SAKNAS!;#SAKNAS!;#SAKNAS!;#SAKNAS!;;;;;;
FKRFT;;;OSS;#SAKNAS!;#SAKNAS!;#SAKNAS!;#SAKNAS!;0,70;#SAKNAS!;WG;#SAKNAS!;264 108;#SAKNAS!;#SAKNAS!;;;#SAKNAS!;#SAKNAS!;#SAKNAS!;#SAKNAS!;#SAKNAS!;#SAKNAS!;#SAKNAS!;#SAKNAS!;#SAKNAS!;#SAKNAS!;#SAKNAS!;#SAKNAS!;#SAKNAS!;#SAKNAS!;#SAKNAS!;#SAKNAS!;#SAKNAS!;#SAKNAS!;#SAKNAS!;;;;;;
FPIP;;;SSE;#SAKNAS!;#SAKNAS!;#SAKNAS!;#SAKNAS!;1,40;#SAKNAS!;WG;#SAKNAS!;278 032;#SAKNAS!;#SAKNAS!;;;#SAKNAS!;#SAKNAS!;#SAKNAS!;#SAKNAS!;#SAKNAS!;#SAKNAS!;#SAKNAS!;#SAKNAS!;#SAKNAS!;#SAKNAS!;#SAKNAS!;#SAKNAS!;#SAKNAS!;#SAKNAS!;#SAKNAS!;#SAKNAS!;#SAKNAS!;#SAKNAS!;#SAKNAS!;;;;;;
GETI B;;;SSE;#SAKNAS!;#SAKNAS!;0;#SAKNAS!;1,00;#SAKNAS!;WG;#SAKNAS!;63 014;#SAKNAS!;#SAKNAS!;;;#SAKNAS!;#SAKNAS!;#SAKNAS!;#SAKNAS!;#SAKNAS!;#SAKNAS!;#SAKNAS!;#SAKNAS!;#SAKNAS!;#SAKNAS!;#SAKNAS!;#SAKNAS!;#SAKNAS!;#SAKNAS!;#SAKNAS!;#SAKNAS!;#SAKNAS!;#SAKNAS!;#SAKNAS!;;;;;;
GTAB B;;;NGM;#SAKNAS!;#SAKNAS!;#SAKNAS!;#SAKNAS!;1,50;#SAKNAS!;MH;#SAKNAS!;183 352;#SAKNAS!;#SAKNAS!;;;#SAKNAS!;#SAKNAS!;#SAKNAS!;#SAKNAS!;#SAKNAS!;#SAKNAS!;#SAKNAS!;#SAKNAS!;#SAKNAS!;#SAKNAS!;#SAKNAS!;#SAKNAS!;#SAKNAS!;#SAKNAS!;#SAKNAS!;#SAKNAS!;#SAKNAS!;#SAKNAS!;#SAKNAS!;;;;;;
HEXA B;;#SAKNAS!;SSE;#SAKNAS!;#SAKNAS!;#SAKNAS!;#SAKNAS!;1,20;#SAKNAS!;EE;#SAKNAS!;26 450;#SAKNAS!;#SAKNAS!;;;#SAKNAS!;#SAKNAS!;#SAKNAS!;#SAKNAS!;#SAKNAS!;#SAKNAS!;#SAKNAS!;#SAKNAS!;#SAKNAS!;#SAKNAS!;#SAKNAS!;#SAKNAS!;#SAKNAS!;#SAKNAS!;#SAKNAS!;#SAKNAS!;#SAKNAS!;#SAKNAS!;#SAKNAS!;;;;;;
HLDX;;#SAKNAS!;SSE;#SAKNAS!;#SAKNAS!;#SAKNAS!;#SAKNAS!;0,90;#SAKNAS!;EE;#SAKNAS!;204 931;#SAKNAS!;#SAKNAS!;;;#SAKNAS!;#SAKNAS!;#SAKNAS!;#SAKNAS!;#SAKNAS!;#SAKNAS!;#SAKNAS!;#SAKNAS!;#SAKNAS!;#SAKNAS!;#SAKNAS!;#SAKNAS!;#SAKNAS!;#SAKNAS!;#SAKNAS!;#SAKNAS!;#SAKNAS!;#SAKNAS!;#SAKNAS!;;;;;;
HOLM B;;;SSE;#SAKNAS!;#SAKNAS!;#SAKNAS!;#SAKNAS!;0,70;#SAKNAS!;WG;#SAKNAS!;37 419;#SAKNAS!;#SAKNAS!;;;#SAKNAS!;#SAKNAS!;#SAKNAS!;#SAKNAS!;#SAKNAS!;#SAKNAS!;#SAKNAS!;#SAKNAS!;#SAKNAS!;#SAKNAS!;#SAKNAS!;#SAKNAS!;#SAKNAS!;#SAKNAS!;#SAKNAS!;#SAKNAS!;#SAKNAS!;#SAKNAS!;#SAKNAS!;;;;;;
HUFV A;;;SSE;#SAKNAS!;#SAKNAS!;#SAKNAS!;#SAKNAS!;0,70;#SAKNAS!;JK;#SAKNAS!;100 000;#SAKNAS!;#SAKNAS!;;;#SAKNAS!;#SAKNAS!;#SAKNAS!;#SAKNAS!;#SAKNAS!;#SAKNAS!;#SAKNAS!;#SAKNAS!;#SAKNAS!;#SAKNAS!;#SAKNAS!;#SAKNAS!;#SAKNAS!;#SAKNAS!;#SAKNAS!;#SAKNAS!;#SAKNAS!;#SAKNAS!;#SAKNAS!;;;;;;
HUFV A;;;SSE;#SAKNAS!;#SAKNAS!;0;#SAKNAS!;0,70;#SAKNAS!;WG;#SAKNAS!;150 111;#SAKNAS!;#SAKNAS!;;;#SAKNAS!;#SAKNAS!;#SAKNAS!;#SAKNAS!;#SAKNAS!;#SAKNAS!;#SAKNAS!;#SAKNAS!;#SAKNAS!;#SAKNAS!;#SAKNAS!;#SAKNAS!;#SAKNAS!;#SAKNAS!;#SAKNAS!;#SAKNAS!;#SAKNAS!;#SAKNAS!;#SAKNAS!;;;;;;
HUFV A;;;SSE;#SAKNAS!;#SAKNAS!;0;#SAKNAS!;0,70;#SAKNAS!;EE;#SAKNAS!;171 141;#SAKNAS!;#SAKNAS!;;;#SAKNAS!;#SAKNAS!;#SAKNAS!;#SAKNAS!;#SAKNAS!;#SAKNAS!;#SAKNAS!;#SAKNAS!;#SAKNAS!;#SAKNAS!;#SAKNAS!;#SAKNAS!;#SAKNAS!;#SAKNAS!;#SAKNAS!;#SAKNAS!;#SAKNAS!;#SAKNAS!;#SAKNAS!;;;;;;
HUM;;;SSE;#SAKNAS!;#SAKNAS!;#SAKNAS!;#SAKNAS!;1,00;#SAKNAS!;WG;#SAKNAS!;71 042;#SAKNAS!;#SAKNAS!;;;#SAKNAS!;#SAKNAS!;#SAKNAS!;#SAKNAS!;#SAKNAS!;#SAKNAS!;#SAKNAS!;#SAKNAS!;#SAKNAS!;#SAKNAS!;#SAKNAS!;#SAKNAS!;#SAKNAS!;#SAKNAS!;#SAKNAS!;#SAKNAS!;#SAKNAS!;#SAKNAS!;#SAKNAS!;;;;;;
INDU C;;;SSE;#SAKNAS!;#SAKNAS!;#SAKNAS!;#SAKNAS!;1,40;#SAKNAS!;EE;#SAKNAS!;81 832;#SAKNAS!;#SAKNAS!;;;#SAKNAS!;#SAKNAS!;#SAKNAS!;#SAKNAS!;#SAKNAS!;#SAKNAS!;#SAKNAS!;#SAKNAS!;#SAKNAS!;#SAKNAS!;#SAKNAS!;#SAKNAS!;#SAKNAS!;#SAKNAS!;#SAKNAS!;#SAKNAS!;#SAKNAS!;#SAKNAS!;#SAKNAS!;;;;;;
INFRA;;#SAKNAS!;AKTS;#SAKNAS!;#SAKNAS!;#SAKNAS!;#SAKNAS!;0,90;#SAKNAS!;WG;#SAKNAS!;251 000;#SAKNAS!;#SAKNAS!;;;#SAKNAS!;#SAKNAS!;#SAKNAS!;#SAKNAS!;#SAKNAS!;#SAKNAS!;#SAKNAS!;#SAKNAS!;#SAKNAS!;#SAKNAS!;#SAKNAS!;#SAKNAS!;#SAKNAS!;#SAKNAS!;#SAKNAS!;#SAKNAS!;#SAKNAS!;#SAKNAS!;#SAKNAS!;;;;;;
ISS;#SAKNAS!;#SAKNAS!;CSS;#SAKNAS!;#SAKNAS!;#SAKNAS!;#SAKNAS!;1,00;#SAKNAS!;MH;#SAKNAS!;503 637;#SAKNAS!;#SAKNAS!;;;#SAKNAS!;#SAKNAS!;#SAKNAS!;#SAKNAS!;#SAKNAS!;#SAKNAS!;#SAKNAS!;#SAKNAS!;#SAKNAS!;#SAKNAS!;#SAKNAS!;#SAKNAS!;#SAKNAS!;#SAKNAS!;#SAKNAS!;#SAKNAS!;#SAKNAS!;#SAKNAS!;#SAKNAS!;;;;;;
ISS;#SAKNAS!;#SAKNAS!;CSS;#SAKNAS!;#SAKNAS!;#SAKNAS!;#SAKNAS!;1,00;#SAKNAS!;WG;#SAKNAS!;110 000;#SAKNAS!;#SAKNAS!;;;#SAKNAS!;#SAKNAS!;#SAKNAS!;#SAKNAS!;#SAKNAS!;#SAKNAS!;#SAKNAS!;#SAKNAS!;#SAKNAS!;#SAKNAS!;#SAKNAS!;#SAKNAS!;#SAKNAS!;#SAKNAS!;#SAKNAS!;#SAKNAS!;#SAKNAS!;#SAKNAS!;#SAKNAS!;;;;;;
ISS;#SAKNAS!;#SAKNAS!;CSS;#SAKNAS!;#SAKNAS!;#SAKNAS!;#SAKNAS!;1,00;#SAKNAS!;EE;#SAKNAS!;114 915;#SAKNAS!;#SAKNAS!;;;#SAKNAS!;#SAKNAS!;#SAKNAS!;#SAKNAS!;#SAKNAS!;#SAKNAS!;#SAKNAS!;#SAKNAS!;#SAKNAS!;#SAKNAS!;#SAKNAS!;#SAKNAS!;#SAKNAS!;#SAKNAS!;#SAKNAS!;#SAKNAS!;#SAKNAS!;#SAKNAS!;#SAKNAS!;;;;;;
ISS;#SAKNAS!;#SAKNAS!;CSS;#SAKNAS!;#SAKNAS!;#SAKNAS!;#SAKNAS!;1,00;#SAKNAS!;JK;#SAKNAS!;65 000;#SAKNAS!;#SAKNAS!;;;#SAKNAS!;#SAKNAS!;#SAKNAS!;#SAKNAS!;#SAKNAS!;#SAKNAS!;#SAKNAS!;#SAKNAS!;#SAKNAS!;#SAKNAS!;#SAKNAS!;#SAKNAS!;#SAKNAS!;#SAKNAS!;#SAKNAS!;#SAKNAS!;#SAKNAS!;#SAKNAS!;#SAKNAS!;;;;;;
ITECH;;;SSE;#SAKNAS!;#SAKNAS!;#SAKNAS!;#SAKNAS!;1,40;#SAKNAS!;MH;#SAKNAS!;67 670;#SAKNAS!;#SAKNAS!;;;#SAKNAS!;#SAKNAS!;#SAKNAS!;#SAKNAS!;#SAKNAS!;#SAKNAS!;#SAKNAS!;#SAKNAS!;#SAKNAS!;#SAKNAS!;#SAKNAS!;#SAKNAS!;#SAKNAS!;#SAKNAS!;#SAKNAS!;#SAKNAS!;#SAKNAS!;#SAKNAS!;#SAKNAS!;;;;;;
KAMBI;;;SSE;#SAKNAS!;#SAKNAS!;#SAKNAS!;#SAKNAS!;1,40;#SAKNAS!;EE;#SAKNAS!;19 524;#SAKNAS!;#SAKNAS!;;;#SAKNAS!;#SAKNAS!;#SAKNAS!;#SAKNAS!;#SAKNAS!;#SAKNAS!;#SAKNAS!;#SAKNAS!;#SAKNAS!;#SAKNAS!;#SAKNAS!;#SAKNAS!;#SAKNAS!;#SAKNAS!;#SAKNAS!;#SAKNAS!;#SAKNAS!;#SAKNAS!;#SAKNAS!;;;;;;
KAMBI;;;SSE;#SAKNAS!;#SAKNAS!;#SAKNAS!;#SAKNAS!;1,40;#SAKNAS!;MH;#SAKNAS!;18 536;#SAKNAS!;#SAKNAS!;;;#SAKNAS!;#SAKNAS!;#SAKNAS!;#SAKNAS!;#SAKNAS!;#SAKNAS!;#SAKNAS!;#SAKNAS!;#SAKNAS!;#SAKNAS!;#SAKNAS!;#SAKNAS!;#SAKNAS!;#SAKNAS!;#SAKNAS!;#SAKNAS!;#SAKNAS!;#SAKNAS!;#SAKNAS!;;;;;;
KAR;;;SSE;#SAKNAS!;#SAKNAS!;#SAKNAS!;#SAKNAS!;1,40;#SAKNAS!;WG;#SAKNAS!;75 087;#SAKNAS!;#SAKNAS!;;;#SAKNAS!;#SAKNAS!;#SAKNAS!;#SAKNAS!;#SAKNAS!;#SAKNAS!;#SAKNAS!;#SAKNAS!;#SAKNAS!;#SAKNAS!;#SAKNAS!;#SAKNAS!;#SAKNAS!;#SAKNAS!;#SAKNAS!;#SAKNAS!;#SAKNAS!;#SAKNAS!;#SAKNAS!;;;;;;
KIND SDB;;;SSE;#SAKNAS!;#SAKNAS!;#SAKNAS!;#SAKNAS!;1,40;#SAKNAS!;JK;#SAKNAS!;130 000;#SAKNAS!;#SAKNAS!;;;#SAKNAS!;#SAKNAS!;#SAKNAS!;#SAKNAS!;#SAKNAS!;#SAKNAS!;#SAKNAS!;#SAKNAS!;#SAKNAS!;#SAKNAS!;#SAKNAS!;#SAKNAS!;#SAKNAS!;#SAKNAS!;#SAKNAS!;#SAKNAS!;#SAKNAS!;#SAKNAS!;#SAKNAS!;;;;;;
KIND SDB;;;SSE;#SAKNAS!;#SAKNAS!;0;#SAKNAS!;1,40;#SAKNAS!;WG;#SAKNAS!;55 690;#SAKNAS!;#SAKNAS!;;;#SAKNAS!;#SAKNAS!;#SAKNAS!;#SAKNAS!;#SAKNAS!;#SAKNAS!;#SAKNAS!;#SAKNAS!;#SAKNAS!;#SAKNAS!;#SAKNAS!;#SAKNAS!;#SAKNAS!;#SAKNAS!;#SAKNAS!;#SAKNAS!;#SAKNAS!;#SAKNAS!;#SAKNAS!;;;;;;
KIND SDB;;;SSE;#SAKNAS!;#SAKNAS!;0;#SAKNAS!;1,40;#SAKNAS!;MH;#SAKNAS!;546 004;#SAKNAS!;#SAKNAS!;;;#SAKNAS!;#SAKNAS!;#SAKNAS!;#SAKNAS!;#SAKNAS!;#SAKNAS!;#SAKNAS!;#SAKNAS!;#SAKNAS!;#SAKNAS!;#SAKNAS!;#SAKNAS!;#SAKNAS!;#SAKNAS!;#SAKNAS!;#SAKNAS!;#SAKNAS!;#SAKNAS!;#SAKNAS!;;;;;;
KINV B;;#SAKNAS!;SSE;#SAKNAS!;#SAKNAS!;#SAKNAS!;#SAKNAS!;0,90;#SAKNAS!;EE;#SAKNAS!;9 358;#SAKNAS!;#SAKNAS!;;;#SAKNAS!;#SAKNAS!;#SAKNAS!;#SAKNAS!;#SAKNAS!;#SAKNAS!;#SAKNAS!;#SAKNAS!;#SAKNAS!;#SAKNAS!;#SAKNAS!;#SAKNAS!;#SAKNAS!;#SAKNAS!;#SAKNAS!;#SAKNAS!;#SAKNAS!;#SAKNAS!;#SAKNAS!;;;;;;
LIAB;;;SSE;#SAKNAS!;#SAKNAS!;#SAKNAS!;#SAKNAS!;1,00;#SAKNAS!;WG;#SAKNAS!;191 515;#SAKNAS!;#SAKNAS!;;;#SAKNAS!;#SAKNAS!;#SAKNAS!;#SAKNAS!;#SAKNAS!;#SAKNAS!;#SAKNAS!;#SAKNAS!;#SAKNAS!;#SAKNAS!;#SAKNAS!;#SAKNAS!;#SAKNAS!;#SAKNAS!;#SAKNAS!;#SAKNAS!;#SAKNAS!;#SAKNAS!;#SAKNAS!;;;;;;
LMKG;;;SSE;#SAKNAS!;#SAKNAS!;#SAKNAS!;#SAKNAS!;1,00;#SAKNAS!;MH;#SAKNAS!;50 000;#SAKNAS!;#SAKNAS!;;;#SAKNAS!;#SAKNAS!;#SAKNAS!;#SAKNAS!;#SAKNAS!;#SAKNAS!;#SAKNAS!;#SAKNAS!;#SAKNAS!;#SAKNAS!;#SAKNAS!;#SAKNAS!;#SAKNAS!;#SAKNAS!;#SAKNAS!;#SAKNAS!;#SAKNAS!;#SAKNAS!;#SAKNAS!;;;;;;
LOOMIS;;#SAKNAS!;SSE;#SAKNAS!;#SAKNAS!;#SAKNAS!;#SAKNAS!;1,20;#SAKNAS!;WG;#SAKNAS!;10 550;#SAKNAS!;#SAKNAS!;;;#SAKNAS!;#SAKNAS!;#SAKNAS!;#SAKNAS!;#SAKNAS!;#SAKNAS!;#SAKNAS!;#SAKNAS!;#SAKNAS!;#SAKNAS!;#SAKNAS!;#SAKNAS!;#SAKNAS!;#SAKNAS!;#SAKNAS!;#SAKNAS!;#SAKNAS!;#SAKNAS!;#SAKNAS!;;;;;;
LOOMIS;;#SAKNAS!;SSE;#SAKNAS!;#SAKNAS!;0;#SAKNAS!;1,20;#SAKNAS!;EE;#SAKNAS!;61 083;#SAKNAS!;#SAKNAS!;;;#SAKNAS!;#SAKNAS!;#SAKNAS!;#SAKNAS!;#SAKNAS!;#SAKNAS!;#SAKNAS!;#SAKNAS!;#SAKNAS!;#SAKNAS!;#SAKNAS!;#SAKNAS!;#SAKNAS!;#SAKNAS!;#SAKNAS!;#SAKNAS!;#SAKNAS!;#SAKNAS!;#SAKNAS!;;;;;;
MNTR;;;OSS;#SAKNAS!;#SAKNAS!;#SAKNAS!;#SAKNAS!;1,50;#SAKNAS!;WG;#SAKNAS!;1 507 855;#SAKNAS!;#SAKNAS!;;;#SAKNAS!;#SAKNAS!;#SAKNAS!;#SAKNAS!;#SAKNAS!;#SAKNAS!;#SAKNAS!;#SAKNAS!;#SAKNAS!;#SAKNAS!;#SAKNAS!;#SAKNAS!;#SAKNAS!;#SAKNAS!;#SAKNAS!;#SAKNAS!;#SAKNAS!;#SAKNAS!;#SAKNAS!;;;;;;
MOCORP;;;HSS;#SAKNAS!;#SAKNAS!;#SAKNAS!;#SAKNAS!;1,30;#SAKNAS!;EE;#SAKNAS!;143 750;#SAKNAS!;#SAKNAS!;;;#SAKNAS!;#SAKNAS!;#SAKNAS!;#SAKNAS!;#SAKNAS!;#SAKNAS!;#SAKNAS!;#SAKNAS!;#SAKNAS!;#SAKNAS!;#SAKNAS!;#SAKNAS!;#SAKNAS!;#SAKNAS!;#SAKNAS!;#SAKNAS!;#SAKNAS!;#SAKNAS!;#SAKNAS!;;;;;;
MRCEL;;;OSS;#SAKNAS!;#SAKNAS!;#SAKNAS!;#SAKNAS!;0,70;#SAKNAS!;MH;#SAKNAS!;500 000;#SAKNAS!;#SAKNAS!;;;#SAKNAS!;#SAKNAS!;#SAKNAS!;#SAKNAS!;#SAKNAS!;#SAKNAS!;#SAKNAS!;#SAKNAS!;#SAKNAS!;#SAKNAS!;#SAKNAS!;#SAKNAS!;#SAKNAS!;#SAKNAS!;#SAKNAS!;#SAKNAS!;#SAKNAS!;#SAKNAS!;#SAKNAS!;;;;;;
NCC B;;;SSE;#SAKNAS!;#SAKNAS!;#SAKNAS!;#SAKNAS!;1,40;#SAKNAS!;WG;#SAKNAS!;105 055;#SAKNAS!;#SAKNAS!;;;#SAKNAS!;#SAKNAS!;#SAKNAS!;#SAKNAS!;#SAKNAS!;#SAKNAS!;#SAKNAS!;#SAKNAS!;#SAKNAS!;#SAKNAS!;#SAKNAS!;#SAKNAS!;#SAKNAS!;#SAKNAS!;#SAKNAS!;#SAKNAS!;#SAKNAS!;#SAKNAS!;#SAKNAS!;;;;;;
NCC B;;#SAKNAS!;SSE;#SAKNAS!;#SAKNAS!;0;#SAKNAS!;1,20;#SAKNAS!;EE;#SAKNAS!;108 273;#SAKNAS!;#SAKNAS!;;;#SAKNAS!;#SAKNAS!;#SAKNAS!;#SAKNAS!;#SAKNAS!;#SAKNAS!;#SAKNAS!;#SAKNAS!;#SAKNAS!;#SAKNAS!;#SAKNAS!;#SAKNAS!;#SAKNAS!;#SAKNAS!;#SAKNAS!;#SAKNAS!;#SAKNAS!;#SAKNAS!;#SAKNAS!;;;;;;
NDA SE;;;SSE;#SAKNAS!;#SAKNAS!;#SAKNAS!;#SAKNAS!;1,20;#SAKNAS!;EE;#SAKNAS!;200 000;#SAKNAS!;n.m.;;;#SAKNAS!;#SAKNAS!;#SAKNAS!;#SAKNAS!;#SAKNAS!;#SAKNAS!;#SAKNAS!;#SAKNAS!;#SAKNAS!;#SAKNAS!;#SAKNAS!;#SAKNAS!;#SAKNAS!;#SAKNAS!;#SAKNAS!;#SAKNAS!;#SAKNAS!;#SAKNAS!;#SAKNAS!;;;;;;
NDA SE;;;SSE;#SAKNAS!;#SAKNAS!;#SAKNAS!;#SAKNAS!;1,20;#SAKNAS!;WG;#SAKNAS!;290 000;#SAKNAS!;n.m.;;;#SAKNAS!;#SAKNAS!;#SAKNAS!;#SAKNAS!;#SAKNAS!;#SAKNAS!;#SAKNAS!;#SAKNAS!;#SAKNAS!;#SAKNAS!;#SAKNAS!;#SAKNAS!;#SAKNAS!;#SAKNAS!;#SAKNAS!;#SAKNAS!;#SAKNAS!;#SAKNAS!;#SAKNAS!;;;;;;
NDA SE;;;SSE;#SAKNAS!;#SAKNAS!;#SAKNAS!;#SAKNAS!;1,20;#SAKNAS!;JK;#SAKNAS!;120 000;#SAKNAS!;n.m.;;;#SAKNAS!;#SAKNAS!;#SAKNAS!;#SAKNAS!;#SAKNAS!;#SAKNAS!;#SAKNAS!;#SAKNAS!;#SAKNAS!;#SAKNAS!;#SAKNAS!;#SAKNAS!;#SAKNAS!;#SAKNAS!;#SAKNAS!;#SAKNAS!;#SAKNAS!;#SAKNAS!;#SAKNAS!;;;;;;
NELLY;;#SAKNAS!;SSE;#SAKNAS!;#SAKNAS!;#SAKNAS!;#SAKNAS!;1,20;#SAKNAS!;EE;#SAKNAS!;114 173;#SAKNAS!;#SAKNAS!;;;#SAKNAS!;#SAKNAS!;#SAKNAS!;#SAKNAS!;#SAKNAS!;#SAKNAS!;#SAKNAS!;#SAKNAS!;#SAKNAS!;#SAKNAS!;#SAKNAS!;#SAKNAS!;#SAKNAS!;#SAKNAS!;#SAKNAS!;#SAKNAS!;#SAKNAS!;#SAKNAS!;#SAKNAS!;;;;;;
NOLA B;;;SSE;#SAKNAS!;#SAKNAS!;#SAKNAS!;#SAKNAS!;1,40;#SAKNAS!;EE;#SAKNAS!;22 406;#SAKNAS!;#SAKNAS!;;;#SAKNAS!;#SAKNAS!;#SAKNAS!;#SAKNAS!;#SAKNAS!;#SAKNAS!;#SAKNAS!;#SAKNAS!;#SAKNAS!;#SAKNAS!;#SAKNAS!;#SAKNAS!;#SAKNAS!;#SAKNAS!;#SAKNAS!;#SAKNAS!;#SAKNAS!;#SAKNAS!;#SAKNAS!;;;;;;
NOKIA;;;HSS;#SAKNAS!;#SAKNAS!;#SAKNAS!;#SAKNAS!;1,30;#SAKNAS!;EE;#SAKNAS!;431 150;#SAKNAS!;#SAKNAS!;;;#SAKNAS!;#SAKNAS!;#SAKNAS!;#SAKNAS!;#SAKNAS!;#SAKNAS!;#SAKNAS!;#SAKNAS!;#SAKNAS!;#SAKNAS!;#SAKNAS!;#SAKNAS!;#SAKNAS!;#SAKNAS!;#SAKNAS!;#SAKNAS!;#SAKNAS!;#SAKNAS!;#SAKNAS!;;;;;;
NP3;;;SSE;#SAKNAS!;#SAKNAS!;#SAKNAS!;#SAKNAS!;1,40;#SAKNAS!;EE;#SAKNAS!;72 349;#SAKNAS!;#SAKNAS!;;;#SAKNAS!;#SAKNAS!;#SAKNAS!;#SAKNAS!;#SAKNAS!;#SAKNAS!;#SAKNAS!;#SAKNAS!;#SAKNAS!;#SAKNAS!;#SAKNAS!;#SAKNAS!;#SAKNAS!;#SAKNAS!;#SAKNAS!;#SAKNAS!;#SAKNAS!;#SAKNAS!;#SAKNAS!;;;;;;
NWG;;;SSE;#SAKNAS!;#SAKNAS!;#SAKNAS!;#SAKNAS!;1,20;#SAKNAS!;WG;#SAKNAS!;120 926;#SAKNAS!;n.m.;;;#SAKNAS!;#SAKNAS!;#SAKNAS!;#SAKNAS!;#SAKNAS!;#SAKNAS!;#SAKNAS!;#SAKNAS!;#SAKNAS!;#SAKNAS!;#SAKNAS!;#SAKNAS!;#SAKNAS!;#SAKNAS!;#SAKNAS!;#SAKNAS!;#SAKNAS!;#SAKNAS!;#SAKNAS!;;;;;;
NYF;;;SSE;#SAKNAS!;#SAKNAS!;#SAKNAS!;#SAKNAS!;1,40;#SAKNAS!;EE;#SAKNAS!;141 933;#SAKNAS!;#SAKNAS!;;;#SAKNAS!;#SAKNAS!;#SAKNAS!;#SAKNAS!;#SAKNAS!;#SAKNAS!;#SAKNAS!;#SAKNAS!;#SAKNAS!;#SAKNAS!;#SAKNAS!;#SAKNAS!;#SAKNAS!;#SAKNAS!;#SAKNAS!;#SAKNAS!;#SAKNAS!;#SAKNAS!;#SAKNAS!;;;;;;
NYF;;#SAKNAS!;SSE;#SAKNAS!;#SAKNAS!;0;#SAKNAS!;0,80;#SAKNAS!;MH;#SAKNAS!;316 397;#SAKNAS!;#SAKNAS!;;;#SAKNAS!;#SAKNAS!;#SAKNAS!;#SAKNAS!;#SAKNAS!;#SAKNAS!;#SAKNAS!;#SAKNAS!;#SAKNAS!;#SAKNAS!;#SAKNAS!;#SAKNAS!;#SAKNAS!;#SAKNAS!;#SAKNAS!;#SAKNAS!;#SAKNAS!;#SAKNAS!;#SAKNAS!;;;;;;
PACT;;;SSE;#SAKNAS!;#SAKNAS!;#SAKNAS!;#SAKNAS!;1,30;#SAKNAS!;WG;#SAKNAS!;37 553;#SAKNAS!;#SAKNAS!;;;#SAKNAS!;#SAKNAS!;#SAKNAS!;#SAKNAS!;#SAKNAS!;#SAKNAS!;#SAKNAS!;#SAKNAS!;#SAKNAS!;#SAKNAS!;#SAKNAS!;#SAKNAS!;#SAKNAS!;#SAKNAS!;#SAKNAS!;#SAKNAS!;#SAKNAS!;#SAKNAS!;#SAKNAS!;;;;;;
PEXIP;;;OSS;#SAKNAS!;#SAKNAS!;#SAKNAS!;#SAKNAS!;1,50;#SAKNAS!;WG;#SAKNAS!;123 932;#SAKNAS!;n.m.;;;#SAKNAS!;#SAKNAS!;#SAKNAS!;#SAKNAS!;#SAKNAS!;#SAKNAS!;#SAKNAS!;#SAKNAS!;#SAKNAS!;#SAKNAS!;#SAKNAS!;#SAKNAS!;#SAKNAS!;#SAKNAS!;#SAKNAS!;#SAKNAS!;#SAKNAS!;#SAKNAS!;#SAKNAS!;;;;;;
PHO;;;OSS;#SAKNAS!;#SAKNAS!;#SAKNAS!;#SAKNAS!;0,70;#SAKNAS!;MH;#SAKNAS!;166 655;#SAKNAS!;#SAKNAS!;;;#SAKNAS!;#SAKNAS!;#SAKNAS!;#SAKNAS!;#SAKNAS!;#SAKNAS!;#SAKNAS!;#SAKNAS!;#SAKNAS!;#SAKNAS!;#SAKNAS!;#SAKNAS!;#SAKNAS!;#SAKNAS!;#SAKNAS!;#SAKNAS!;#SAKNAS!;#SAKNAS!;#SAKNAS!;;;;;;
PIERCE;;;SSE;#SAKNAS!;#SAKNAS!;#SAKNAS!;#SAKNAS!;1,30;#SAKNAS!;WG;#SAKNAS!;85 835;#SAKNAS!;#SAKNAS!;;;#SAKNAS!;#SAKNAS!;#SAKNAS!;#SAKNAS!;#SAKNAS!;#SAKNAS!;#SAKNAS!;#SAKNAS!;#SAKNAS!;#SAKNAS!;#SAKNAS!;#SAKNAS!;#SAKNAS!;#SAKNAS!;#SAKNAS!;#SAKNAS!;#SAKNAS!;#SAKNAS!;#SAKNAS!;;;;;;
PRIC B;;;SSE;#SAKNAS!;#SAKNAS!;#SAKNAS!;#SAKNAS!;1,40;#SAKNAS!;WG;#SAKNAS!;779 041;#SAKNAS!;#SAKNAS!;;;#SAKNAS!;#SAKNAS!;#SAKNAS!;#SAKNAS!;#SAKNAS!;#SAKNAS!;#SAKNAS!;#SAKNAS!;#SAKNAS!;#SAKNAS!;#SAKNAS!;#SAKNAS!;#SAKNAS!;#SAKNAS!;#SAKNAS!;#SAKNAS!;#SAKNAS!;#SAKNAS!;#SAKNAS!;;;;;;
RESURS;;;SSE;#SAKNAS!;#SAKNAS!;#SAKNAS!;#SAKNAS!;1,40;#SAKNAS!;WG;#SAKNAS!;265 355;#SAKNAS!;#SAKNAS!;;;#SAKNAS!;#SAKNAS!;#SAKNAS!;#SAKNAS!;#SAKNAS!;#SAKNAS!;#SAKNAS!;#SAKNAS!;#SAKNAS!;#SAKNAS!;#SAKNAS!;#SAKNAS!;#SAKNAS!;#SAKNAS!;#SAKNAS!;#SAKNAS!;#SAKNAS!;#SAKNAS!;#SAKNAS!;;;;;;
RESURS;;;SSE;#SAKNAS!;#SAKNAS!;0;#SAKNAS!;1,40;#SAKNAS!;EE;#SAKNAS!;252 677;#SAKNAS!;#SAKNAS!;;;#SAKNAS!;#SAKNAS!;#SAKNAS!;#SAKNAS!;#SAKNAS!;#SAKNAS!;#SAKNAS!;#SAKNAS!;#SAKNAS!;#SAKNAS!;#SAKNAS!;#SAKNAS!;#SAKNAS!;#SAKNAS!;#SAKNAS!;#SAKNAS!;#SAKNAS!;#SAKNAS!;#SAKNAS!;;;;;;
RUG;;;SSE;#SAKNAS!;#SAKNAS!;#SAKNAS!;#SAKNAS!;1,40;#SAKNAS!;MH;#SAKNAS!;197 978;#SAKNAS!;#SAKNAS!;;;#SAKNAS!;#SAKNAS!;#SAKNAS!;#SAKNAS!;#SAKNAS!;#SAKNAS!;#SAKNAS!;#SAKNAS!;#SAKNAS!;#SAKNAS!;#SAKNAS!;#SAKNAS!;#SAKNAS!;#SAKNAS!;#SAKNAS!;#SAKNAS!;#SAKNAS!;#SAKNAS!;#SAKNAS!;;;;;;
RUG;;;SSE;#SAKNAS!;#SAKNAS!;0;#SAKNAS!;1,40;#SAKNAS!;EE;#SAKNAS!;80 000;#SAKNAS!;#SAKNAS!;;;#SAKNAS!;#SAKNAS!;#SAKNAS!;#SAKNAS!;#SAKNAS!;#SAKNAS!;#SAKNAS!;#SAKNAS!;#SAKNAS!;#SAKNAS!;#SAKNAS!;#SAKNAS!;#SAKNAS!;#SAKNAS!;#SAKNAS!;#SAKNAS!;#SAKNAS!;#SAKNAS!;#SAKNAS!;;;;;;
SAVE;#SAKNAS!;#SAKNAS!;SSE;#SAKNAS!;#SAKNAS!;#SAKNAS!;#SAKNAS!;0,60;#SAKNAS!;EE;#SAKNAS!;62 957;#SAKNAS!;#SAKNAS!;;;#SAKNAS!;#SAKNAS!;#SAKNAS!;#SAKNAS!;#SAKNAS!;#SAKNAS!;#SAKNAS!;#SAKNAS!;#SAKNAS!;#SAKNAS!;#SAKNAS!;#SAKNAS!;#SAKNAS!;#SAKNAS!;#SAKNAS!;#SAKNAS!;#SAKNAS!;#SAKNAS!;#SAKNAS!;;;;;;
SBB B;;#SAKNAS!;SSE;#SAKNAS!;#SAKNAS!;#SAKNAS!;#SAKNAS!;0,50;#SAKNAS!;MH;#SAKNAS!;1 000 820;#SAKNAS!;#SAKNAS!;;;#SAKNAS!;#SAKNAS!;#SAKNAS!;#SAKNAS!;#SAKNAS!;#SAKNAS!;#SAKNAS!;#SAKNAS!;#SAKNAS!;#SAKNAS!;#SAKNAS!;#SAKNAS!;#SAKNAS!;#SAKNAS!;#SAKNAS!;#SAKNAS!;#SAKNAS!;#SAKNAS!;#SAKNAS!;;;;;;
SBB B;;#SAKNAS!;SSE;#SAKNAS!;#SAKNAS!;#SAKNAS!;#SAKNAS!;0,50;#SAKNAS!;WG;#SAKNAS!;50 000;#SAKNAS!;#SAKNAS!;;;#SAKNAS!;#SAKNAS!;#SAKNAS!;#SAKNAS!;#SAKNAS!;#SAKNAS!;#SAKNAS!;#SAKNAS!;#SAKNAS!;#SAKNAS!;#SAKNAS!;#SAKNAS!;#SAKNAS!;#SAKNAS!;#SAKNAS!;#SAKNAS!;#SAKNAS!;#SAKNAS!;#SAKNAS!;;;;;;
SCST;;;SSE;#SAKNAS!;#SAKNAS!;#SAKNAS!;#SAKNAS!;0,80;#SAKNAS!;MH;#SAKNAS!;597 965;#SAKNAS!;#SAKNAS!;;;#SAKNAS!;#SAKNAS!;#SAKNAS!;#SAKNAS!;#SAKNAS!;#SAKNAS!;#SAKNAS!;#SAKNAS!;#SAKNAS!;#SAKNAS!;#SAKNAS!;#SAKNAS!;#SAKNAS!;#SAKNAS!;#SAKNAS!;#SAKNAS!;#SAKNAS!;#SAKNAS!;#SAKNAS!;;;;;;
SHB A;;#SAKNAS!;SSE;#SAKNAS!;#SAKNAS!;0;#SAKNAS!;0,90;#SAKNAS!;WG;#SAKNAS!;440 250;#SAKNAS!;#SAKNAS!;;;#SAKNAS!;#SAKNAS!;#SAKNAS!;#SAKNAS!;#SAKNAS!;#SAKNAS!;#SAKNAS!;#SAKNAS!;#SAKNAS!;#SAKNAS!;#SAKNAS!;#SAKNAS!;#SAKNAS!;#SAKNAS!;#SAKNAS!;#SAKNAS!;#SAKNAS!;#SAKNAS!;#SAKNAS!;;;;;;
SECU B;#SAKNAS!;#SAKNAS!;SSE;#SAKNAS!;#SAKNAS!;#SAKNAS!;#SAKNAS!;0,60;#SAKNAS!;WG;#SAKNAS!;202 406;#SAKNAS!;#SAKNAS!;;;#SAKNAS!;#SAKNAS!;#SAKNAS!;#SAKNAS!;#SAKNAS!;#SAKNAS!;#SAKNAS!;#SAKNAS!;#SAKNAS!;#SAKNAS!;#SAKNAS!;#SAKNAS!;#SAKNAS!;#SAKNAS!;#SAKNAS!;#SAKNAS!;#SAKNAS!;#SAKNAS!;#SAKNAS!;;;;;;
SF;;;SSE;#SAKNAS!;#SAKNAS!;#SAKNAS!;#SAKNAS!;1,10;#SAKNAS!;WG;#SAKNAS!;80 000;#SAKNAS!;#SAKNAS!;;;#SAKNAS!;#SAKNAS!;#SAKNAS!;#SAKNAS!;#SAKNAS!;#SAKNAS!;#SAKNAS!;#SAKNAS!;#SAKNAS!;#SAKNAS!;#SAKNAS!;#SAKNAS!;#SAKNAS!;#SAKNAS!;#SAKNAS!;#SAKNAS!;#SAKNAS!;#SAKNAS!;#SAKNAS!;;;;;;
SITOWS;;;HSS;#SAKNAS!;#SAKNAS!;#SAKNAS!;#SAKNAS!;1,00;#SAKNAS!;MH;#SAKNAS!;79 953;#SAKNAS!;#SAKNAS!;;;#SAKNAS!;#SAKNAS!;#SAKNAS!;#SAKNAS!;#SAKNAS!;#SAKNAS!;#SAKNAS!;#SAKNAS!;#SAKNAS!;#SAKNAS!;#SAKNAS!;#SAKNAS!;#SAKNAS!;#SAKNAS!;#SAKNAS!;#SAKNAS!;#SAKNAS!;#SAKNAS!;#SAKNAS!;;;;;;
SKF B;#SAKNAS!;#SAKNAS!;SSE;#SAKNAS!;#SAKNAS!;#SAKNAS!;#SAKNAS!;0,60;#SAKNAS!;EE;#SAKNAS!;20 215;#SAKNAS!;#SAKNAS!;;;#SAKNAS!;#SAKNAS!;#SAKNAS!;#SAKNAS!;#SAKNAS!;#SAKNAS!;#SAKNAS!;#SAKNAS!;#SAKNAS!;#SAKNAS!;#SAKNAS!;#SAKNAS!;#SAKNAS!;#SAKNAS!;#SAKNAS!;#SAKNAS!;#SAKNAS!;#SAKNAS!;#SAKNAS!;;;;;;
SKIS B;#SAKNAS!;#SAKNAS!;SSE;#SAKNAS!;#SAKNAS!;#SAKNAS!;#SAKNAS!;0,60;#SAKNAS!;EE;#SAKNAS!;54 034;#SAKNAS!;#SAKNAS!;;;#SAKNAS!;#SAKNAS!;#SAKNAS!;#SAKNAS!;#SAKNAS!;#SAKNAS!;#SAKNAS!;#SAKNAS!;#SAKNAS!;#SAKNAS!;#SAKNAS!;#SAKNAS!;#SAKNAS!;#SAKNAS!;#SAKNAS!;#SAKNAS!;#SAKNAS!;#SAKNAS!;#SAKNAS!;;;;;;
SNI;;;OSS;#SAKNAS!;#SAKNAS!;#SAKNAS!;#SAKNAS!;0,70;#SAKNAS!;WG;#SAKNAS!;115 752;#SAKNAS!;#SAKNAS!;;;#SAKNAS!;#SAKNAS!;#SAKNAS!;#SAKNAS!;#SAKNAS!;#SAKNAS!;#SAKNAS!;#SAKNAS!;#SAKNAS!;#SAKNAS!;#SAKNAS!;#SAKNAS!;#SAKNAS!;#SAKNAS!;#SAKNAS!;#SAKNAS!;#SAKNAS!;#SAKNAS!;#SAKNAS!;;;;;;
SSAB B;;;SSE;#SAKNAS!;#SAKNAS!;#SAKNAS!;#SAKNAS!;0,80;#SAKNAS!;JK;#SAKNAS!;210 000;#SAKNAS!;#SAKNAS!;;;#SAKNAS!;#SAKNAS!;#SAKNAS!;#SAKNAS!;#SAKNAS!;#SAKNAS!;#SAKNAS!;#SAKNAS!;#SAKNAS!;#SAKNAS!;#SAKNAS!;#SAKNAS!;#SAKNAS!;#SAKNAS!;#SAKNAS!;#SAKNAS!;#SAKNAS!;#SAKNAS!;#SAKNAS!;;;;;;
STE R;;#SAKNAS!;SSE;#SAKNAS!;#SAKNAS!;#SAKNAS!;#SAKNAS!;1,00;#SAKNAS!;WG;#SAKNAS!;146 640;#SAKNAS!;#SAKNAS!;;;#SAKNAS!;#SAKNAS!;#SAKNAS!;#SAKNAS!;#SAKNAS!;#SAKNAS!;#SAKNAS!;#SAKNAS!;#SAKNAS!;#SAKNAS!;#SAKNAS!;#SAKNAS!;#SAKNAS!;#SAKNAS!;#SAKNAS!;#SAKNAS!;#SAKNAS!;#SAKNAS!;#SAKNAS!;;;;;;
SWEC B;#SAKNAS!;#SAKNAS!;SSE;#SAKNAS!;#SAKNAS!;#SAKNAS!;#SAKNAS!;0,60;#SAKNAS!;EE;#SAKNAS!;110 211;#SAKNAS!;#SAKNAS!;;;#SAKNAS!;#SAKNAS!;#SAKNAS!;#SAKNAS!;#SAKNAS!;#SAKNAS!;#SAKNAS!;#SAKNAS!;#SAKNAS!;#SAKNAS!;#SAKNAS!;#SAKNAS!;#SAKNAS!;#SAKNAS!;#SAKNAS!;#SAKNAS!;#SAKNAS!;#SAKNAS!;#SAKNAS!;;;;;;
TEL2 B;#SAKNAS!;#SAKNAS!;SSE;#SAKNAS!;#SAKNAS!;#SAKNAS!;#SAKNAS!;0,60;#SAKNAS!;JK;#SAKNAS!;85 000;#SAKNAS!;#SAKNAS!;;;#SAKNAS!;#SAKNAS!;#SAKNAS!;#SAKNAS!;#SAKNAS!;#SAKNAS!;#SAKNAS!;#SAKNAS!;#SAKNAS!;#SAKNAS!;#SAKNAS!;#SAKNAS!;#SAKNAS!;#SAKNAS!;#SAKNAS!;#SAKNAS!;#SAKNAS!;#SAKNAS!;#SAKNAS!;;;;;;
TEL2 B;#SAKNAS!;#SAKNAS!;SSE;#SAKNAS!;#SAKNAS!;0;#SAKNAS!;0,60;#SAKNAS!;EE;#SAKNAS!;113 296;#SAKNAS!;#SAKNAS!;;;#SAKNAS!;#SAKNAS!;#SAKNAS!;#SAKNAS!;#SAKNAS!;#SAKNAS!;#SAKNAS!;#SAKNAS!;#SAKNAS!;#SAKNAS!;#SAKNAS!;#SAKNAS!;#SAKNAS!;#SAKNAS!;#SAKNAS!;#SAKNAS!;#SAKNAS!;#SAKNAS!;#SAKNAS!;;;;;;
TELIA;;;SSE;#SAKNAS!;#SAKNAS!;#SAKNAS!;#SAKNAS!;1,30;#SAKNAS!;WG;#SAKNAS!;830 190;#SAKNAS!;#SAKNAS!;;;#SAKNAS!;#SAKNAS!;#SAKNAS!;#SAKNAS!;#SAKNAS!;#SAKNAS!;#SAKNAS!;#SAKNAS!;#SAKNAS!;#SAKNAS!;#SAKNAS!;#SAKNAS!;#SAKNAS!;#SAKNAS!;#SAKNAS!;#SAKNAS!;#SAKNAS!;#SAKNAS!;#SAKNAS!;;;;;;
THUNDR;;#SAKNAS!;SSE;#SAKNAS!;#SAKNAS!;#SAKNAS!;#SAKNAS!;0,80;#SAKNAS!;MH;#SAKNAS!;421 559;#SAKNAS!;#SAKNAS!;;;#SAKNAS!;#SAKNAS!;#SAKNAS!;#SAKNAS!;#SAKNAS!;#SAKNAS!;#SAKNAS!;#SAKNAS!;#SAKNAS!;#SAKNAS!;#SAKNAS!;#SAKNAS!;#SAKNAS!;#SAKNAS!;#SAKNAS!;#SAKNAS!;#SAKNAS!;#SAKNAS!;#SAKNAS!;;;;;;
THUNDR;;#SAKNAS!;SSE;#SAKNAS!;#SAKNAS!;0;#SAKNAS!;0,80;#SAKNAS!;EE;#SAKNAS!;150 000;#SAKNAS!;#SAKNAS!;;;#SAKNAS!;#SAKNAS!;#SAKNAS!;#SAKNAS!;#SAKNAS!;#SAKNAS!;#SAKNAS!;#SAKNAS!;#SAKNAS!;#SAKNAS!;#SAKNAS!;#SAKNAS!;#SAKNAS!;#SAKNAS!;#SAKNAS!;#SAKNAS!;#SAKNAS!;#SAKNAS!;#SAKNAS!;;;;;;
TIGO SDB;;;SSE;#SAKNAS!;#SAKNAS!;#SAKNAS!;#SAKNAS!;1,30;#SAKNAS!;EE;#SAKNAS!;52 748;#SAKNAS!;#SAKNAS!;;;#SAKNAS!;#SAKNAS!;#SAKNAS!;#SAKNAS!;#SAKNAS!;#SAKNAS!;#SAKNAS!;#SAKNAS!;#SAKNAS!;#SAKNAS!;#SAKNAS!;#SAKNAS!;#SAKNAS!;#SAKNAS!;#SAKNAS!;#SAKNAS!;#SAKNAS!;#SAKNAS!;#SAKNAS!;;;;;;
TREL B;;;SSE;#SAKNAS!;#SAKNAS!;#SAKNAS!;#SAKNAS!;1,30;#SAKNAS!;EE;#SAKNAS!;54 700;#SAKNAS!;#SAKNAS!;;;#SAKNAS!;#SAKNAS!;#SAKNAS!;#SAKNAS!;#SAKNAS!;#SAKNAS!;#SAKNAS!;#SAKNAS!;#SAKNAS!;#SAKNAS!;#SAKNAS!;#SAKNAS!;#SAKNAS!;#SAKNAS!;#SAKNAS!;#SAKNAS!;#SAKNAS!;#SAKNAS!;#SAKNAS!;;;;;;
TREL B;;;SSE;#SAKNAS!;#SAKNAS!;#SAKNAS!;#SAKNAS!;1,30;#SAKNAS!;WG;#SAKNAS!;40 000;#SAKNAS!;#SAKNAS!;;;#SAKNAS!;#SAKNAS!;#SAKNAS!;#SAKNAS!;#SAKNAS!;#SAKNAS!;#SAKNAS!;#SAKNAS!;#SAKNAS!;#SAKNAS!;#SAKNAS!;#SAKNAS!;#SAKNAS!;#SAKNAS!;#SAKNAS!;#SAKNAS!;#SAKNAS!;#SAKNAS!;#SAKNAS!;;;;;;
TREL B;;;SSE;#SAKNAS!;#SAKNAS!;0;#SAKNAS!;1,30;#SAKNAS!;MH;#SAKNAS!;40 854;#SAKNAS!;#SAKNAS!;;;#SAKNAS!;#SAKNAS!;#SAKNAS!;#SAKNAS!;#SAKNAS!;#SAKNAS!;#SAKNAS!;#SAKNAS!;#SAKNAS!;#SAKNAS!;#SAKNAS!;#SAKNAS!;#SAKNAS!;#SAKNAS!;#SAKNAS!;#SAKNAS!;#SAKNAS!;#SAKNAS!;#SAKNAS!;;;;;;
TRYG;#SAKNAS!;#SAKNAS!;CSS;#SAKNAS!;#SAKNAS!;#SAKNAS!;#SAKNAS!;1,00;#SAKNAS!;EE;#SAKNAS!;79 050;#SAKNAS!;#SAKNAS!;;;#SAKNAS!;#SAKNAS!;#SAKNAS!;#SAKNAS!;#SAKNAS!;#SAKNAS!;#SAKNAS!;#SAKNAS!;#SAKNAS!;#SAKNAS!;#SAKNAS!;#SAKNAS!;#SAKNAS!;#SAKNAS!;#SAKNAS!;#SAKNAS!;#SAKNAS!;#SAKNAS!;#SAKNAS!;;;;;;
VOLO;;;SSE;#SAKNAS!;#SAKNAS!;#SAKNAS!;#SAKNAS!;1,30;#SAKNAS!;MH;#SAKNAS!;65 997;#SAKNAS!;#SAKNAS!;;;#SAKNAS!;#SAKNAS!;#SAKNAS!;#SAKNAS!;#SAKNAS!;#SAKNAS!;#SAKNAS!;#SAKNAS!;#SAKNAS!;#SAKNAS!;#SAKNAS!;#SAKNAS!;#SAKNAS!;#SAKNAS!;#SAKNAS!;#SAKNAS!;#SAKNAS!;#SAKNAS!;#SAKNAS!;;;;;;
WRT1V;;;HSS;#SAKNAS!;#SAKNAS!;#SAKNAS!;#SAKNAS!;1,30;#SAKNAS!;EE;#SAKNAS!;65 000;#SAKNAS!;#SAKNAS!;;;#SAKNAS!;#SAKNAS!;#SAKNAS!;#SAKNAS!;#SAKNAS!;#SAKNAS!;#SAKNAS!;#SAKNAS!;#SAKNAS!;#SAKNAS!;#SAKNAS!;#SAKNAS!;#SAKNAS!;#SAKNAS!;#SAKNAS!;#SAKNAS!;#SAKNAS!;#SAKNAS!;#SAKNAS!;;;;;;
WAWI;;;OSS;#SAKNAS!;#SAKNAS!;#SAKNAS!;#SAKNAS!;1,50;#SAKNAS!;EE;#SAKNAS!;206 171;#SAKNAS!;n.m.;;;#SAKNAS!;#SAKNAS!;#SAKNAS!;#SAKNAS!;#SAKNAS!;#SAKNAS!;#SAKNAS!;#SAKNAS!;#SAKNAS!;#SAKNAS!;#SAKNAS!;#SAKNAS!;#SAKNAS!;#SAKNAS!;#SAKNAS!;#SAKNAS!;#SAKNAS!;#SAKNAS!;#SAKNAS!;;;;;;
LONG;;;;;;#SAKNAS!;;;#SAKNAS!;;;;#SAKNAS!;;;;#SAKNAS!;#SAKNAS!;#SAKNAS!;;#SAKNAS!;n.m.;#SAKNAS!;#SAKNAS!;#SAKNAS!;#SAKNAS!;#SAKNAS!;#SAKNAS!;#SAKNAS!;#SAKNAS!;#SAKNAS!;#SAKNAS!;#SAKNAS!;#SAKNAS!;#SAKNAS!;;;;;;
ABB;;;SSE;#SAKNAS!;#SAKNAS!;0;#SAKNAS!;0,70;#SAKNAS!;EE;#SAKNAS!;-117 147;#SAKNAS!;#SAKNAS!;;;#SAKNAS!;#SAKNAS!;#SAKNAS!;#SAKNAS!;#SAKNAS!;#SAKNAS!;#SAKNAS!;#SAKNAS!;#SAKNAS!;#SAKNAS!;#SAKNAS!;#SAKNAS!;#SAKNAS!;#SAKNAS!;#SAKNAS!;#SAKNAS!;#SAKNAS!;#SAKNAS!;#SAKNAS!;;;;;;
ACAD;;#SAKNAS!;SSE;#SAKNAS!;#SAKNAS!;#SAKNAS!;#SAKNAS!;1,20;#SAKNAS!;WG;#SAKNAS!;-31 729;#SAKNAS!;#SAKNAS!;;;#SAKNAS!;#SAKNAS!;#SAKNAS!;#SAKNAS!;#SAKNAS!;#SAKNAS!;#SAKNAS!;#SAKNAS!;#SAKNAS!;#SAKNAS!;#SAKNAS!;#SAKNAS!;#SAKNAS!;#SAKNAS!;#SAKNAS!;#SAKNAS!;#SAKNAS!;#SAKNAS!;#SAKNAS!;;;;;;
ALFA;;#SAKNAS!;SSE;#SAKNAS!;#SAKNAS!;#SAKNAS!;#SAKNAS!;1,20;#SAKNAS!;EE;#SAKNAS!;-73 300;#SAKNAS!;#SAKNAS!;;;#SAKNAS!;#SAKNAS!;#SAKNAS!;#SAKNAS!;#SAKNAS!;#SAKNAS!;#SAKNAS!;#SAKNAS!;#SAKNAS!;#SAKNAS!;#SAKNAS!;#SAKNAS!;#SAKNAS!;#SAKNAS!;#SAKNAS!;#SAKNAS!;#SAKNAS!;#SAKNAS!;#SAKNAS!;;;;;;
ARJO B;;;SSE;#SAKNAS!;#SAKNAS!;#SAKNAS!;#SAKNAS!;1,20;#SAKNAS!;EE;#SAKNAS!;-158 749;#SAKNAS!;#SAKNAS!;;;#SAKNAS!;#SAKNAS!;#SAKNAS!;#SAKNAS!;#SAKNAS!;#SAKNAS!;#SAKNAS!;#SAKNAS!;#SAKNAS!;#SAKNAS!;#SAKNAS!;#SAKNAS!;#SAKNAS!;#SAKNAS!;#SAKNAS!;#SAKNAS!;#SAKNAS!;#SAKNAS!;#SAKNAS!;;;;;;
ATRLJ B;;#SAKNAS!;SSE;#SAKNAS!;#SAKNAS!;#SAKNAS!;#SAKNAS!;1,20;#SAKNAS!;JK;#SAKNAS!;-15 000;#SAKNAS!;#SAKNAS!;;;#SAKNAS!;#SAKNAS!;#SAKNAS!;#SAKNAS!;#SAKNAS!;#SAKNAS!;#SAKNAS!;#SAKNAS!;#SAKNAS!;#SAKNAS!;#SAKNAS!;#SAKNAS!;#SAKNAS!;#SAKNAS!;#SAKNAS!;#SAKNAS!;#SAKNAS!;#SAKNAS!;#SAKNAS!;;;;;;
ATT;;#SAKNAS!;SSE;#SAKNAS!;#SAKNAS!;#SAKNAS!;#SAKNAS!;1,20;#SAKNAS!;JK;#SAKNAS!;-30 000;#SAKNAS!;#SAKNAS!;;;#SAKNAS!;#SAKNAS!;#SAKNAS!;#SAKNAS!;#SAKNAS!;#SAKNAS!;#SAKNAS!;#SAKNAS!;#SAKNAS!;#SAKNAS!;#SAKNAS!;#SAKNAS!;#SAKNAS!;#SAKNAS!;#SAKNAS!;#SAKNAS!;#SAKNAS!;#SAKNAS!;#SAKNAS!;;;;;;
AXFO;;#SAKNAS!;SSE;#SAKNAS!;#SAKNAS!;#SAKNAS!;#SAKNAS!;0,70;#SAKNAS!;WG;#SAKNAS!;-76 752;#SAKNAS!;#SAKNAS!;;;#SAKNAS!;#SAKNAS!;#SAKNAS!;#SAKNAS!;#SAKNAS!;#SAKNAS!;#SAKNAS!;#SAKNAS!;#SAKNAS!;#SAKNAS!;#SAKNAS!;#SAKNAS!;#SAKNAS!;#SAKNAS!;#SAKNAS!;#SAKNAS!;#SAKNAS!;#SAKNAS!;#SAKNAS!;;;;;;
AXFO;;#SAKNAS!;SSE;#SAKNAS!;#SAKNAS!;#SAKNAS!;#SAKNAS!;0,70;#SAKNAS!;JK;#SAKNAS!;-25 000;#SAKNAS!;#SAKNAS!;;;#SAKNAS!;#SAKNAS!;#SAKNAS!;#SAKNAS!;#SAKNAS!;#SAKNAS!;#SAKNAS!;#SAKNAS!;#SAKNAS!;#SAKNAS!;#SAKNAS!;#SAKNAS!;#SAKNAS!;#SAKNAS!;#SAKNAS!;#SAKNAS!;#SAKNAS!;#SAKNAS!;#SAKNAS!;;;;;;
BEIJ B;;#SAKNAS!;SSE;#SAKNAS!;#SAKNAS!;#SAKNAS!;#SAKNAS!;1,20;#SAKNAS!;WG;#SAKNAS!;-23 400;#SAKNAS!;#SAKNAS!;;;#SAKNAS!;#SAKNAS!;#SAKNAS!;#SAKNAS!;#SAKNAS!;#SAKNAS!;#SAKNAS!;#SAKNAS!;#SAKNAS!;#SAKNAS!;#SAKNAS!;#SAKNAS!;#SAKNAS!;#SAKNAS!;#SAKNAS!;#SAKNAS!;#SAKNAS!;#SAKNAS!;#SAKNAS!;;;;;;
BETS B;;#SAKNAS!;SSE;#SAKNAS!;#SAKNAS!;#SAKNAS!;#SAKNAS!;1,20;#SAKNAS!;JK;#SAKNAS!;-30 000;#SAKNAS!;#SAKNAS!;;;#SAKNAS!;#SAKNAS!;#SAKNAS!;#SAKNAS!;#SAKNAS!;#SAKNAS!;#SAKNAS!;#SAKNAS!;#SAKNAS!;#SAKNAS!;#SAKNAS!;#SAKNAS!;#SAKNAS!;#SAKNAS!;#SAKNAS!;#SAKNAS!;#SAKNAS!;#SAKNAS!;#SAKNAS!;;;;;;
BMAX;;;SSE;#SAKNAS!;#SAKNAS!;#SAKNAS!;#SAKNAS!;0,80;#SAKNAS!;EE;#SAKNAS!;-348 537;#SAKNAS!;#SAKNAS!;;;#SAKNAS!;#SAKNAS!;#SAKNAS!;#SAKNAS!;#SAKNAS!;#SAKNAS!;#SAKNAS!;#SAKNAS!;#SAKNAS!;#SAKNAS!;#SAKNAS!;#SAKNAS!;#SAKNAS!;#SAKNAS!;#SAKNAS!;#SAKNAS!;#SAKNAS!;#SAKNAS!;#SAKNAS!;;;;;;
BOOZT;;;SSE;#SAKNAS!;#SAKNAS!;#SAKNAS!;#SAKNAS!;0,80;#SAKNAS!;EE;#SAKNAS!;-26 111;#SAKNAS!;#SAKNAS!;;;#SAKNAS!;#SAKNAS!;#SAKNAS!;#SAKNAS!;#SAKNAS!;#SAKNAS!;#SAKNAS!;#SAKNAS!;#SAKNAS!;#SAKNAS!;#SAKNAS!;#SAKNAS!;#SAKNAS!;#SAKNAS!;#SAKNAS!;#SAKNAS!;#SAKNAS!;#SAKNAS!;#SAKNAS!;;;;;;
BRAV;;;SSE;#SAKNAS!;#SAKNAS!;#SAKNAS!;#SAKNAS!;1,40;#SAKNAS!;WG;#SAKNAS!;-50 000;#SAKNAS!;#SAKNAS!;;;#SAKNAS!;#SAKNAS!;#SAKNAS!;#SAKNAS!;#SAKNAS!;#SAKNAS!;#SAKNAS!;#SAKNAS!;#SAKNAS!;#SAKNAS!;#SAKNAS!;#SAKNAS!;#SAKNAS!;#SAKNAS!;#SAKNAS!;#SAKNAS!;#SAKNAS!;#SAKNAS!;#SAKNAS!;;;;;;
CAST;;;SSE;#SAKNAS!;#SAKNAS!;#SAKNAS!;#SAKNAS!;0,80;#SAKNAS!;MH;#SAKNAS!;-19 901;#SAKNAS!;#SAKNAS!;;;#SAKNAS!;#SAKNAS!;#SAKNAS!;#SAKNAS!;#SAKNAS!;#SAKNAS!;#SAKNAS!;#SAKNAS!;#SAKNAS!;#SAKNAS!;#SAKNAS!;#SAKNAS!;#SAKNAS!;#SAKNAS!;#SAKNAS!;#SAKNAS!;#SAKNAS!;#SAKNAS!;#SAKNAS!;;;;;;
CDON;;;SSE;#SAKNAS!;#SAKNAS!;#SAKNAS!;#SAKNAS!;0,80;#SAKNAS!;EE;#SAKNAS!;-7 611;#SAKNAS!;#SAKNAS!;;;#SAKNAS!;#SAKNAS!;#SAKNAS!;#SAKNAS!;#SAKNAS!;#SAKNAS!;#SAKNAS!;#SAKNAS!;#SAKNAS!;#SAKNAS!;#SAKNAS!;#SAKNAS!;#SAKNAS!;#SAKNAS!;#SAKNAS!;#SAKNAS!;#SAKNAS!;#SAKNAS!;#SAKNAS!;;;;;;
CINT;;;SSE;#SAKNAS!;#SAKNAS!;#SAKNAS!;#SAKNAS!;0,80;#SAKNAS!;MH;#SAKNAS!;-62 554;#SAKNAS!;#SAKNAS!;;;#SAKNAS!;#SAKNAS!;#SAKNAS!;#SAKNAS!;#SAKNAS!;#SAKNAS!;#SAKNAS!;#SAKNAS!;#SAKNAS!;#SAKNAS!;#SAKNAS!;#SAKNAS!;#SAKNAS!;#SAKNAS!;#SAKNAS!;#SAKNAS!;#SAKNAS!;#SAKNAS!;#SAKNAS!;;;;;;
CTY1S;;;HSS;#SAKNAS!;#SAKNAS!;#SAKNAS!;#SAKNAS!;1,00;#SAKNAS!;MH;#SAKNAS!;-119 865;#SAKNAS!;#SAKNAS!;;;#SAKNAS!;#SAKNAS!;#SAKNAS!;#SAKNAS!;#SAKNAS!;#SAKNAS!;#SAKNAS!;#SAKNAS!;#SAKNAS!;#SAKNAS!;#SAKNAS!;#SAKNAS!;#SAKNAS!;#SAKNAS!;#SAKNAS!;#SAKNAS!;#SAKNAS!;#SAKNAS!;#SAKNAS!;;;;;;
DNB;;#SAKNAS!;OSS;#SAKNAS!;#SAKNAS!;#SAKNAS!;#SAKNAS!;1,00;#SAKNAS!;EE;#SAKNAS!;-160 300;#SAKNAS!;#SAKNAS!;;;#SAKNAS!;#SAKNAS!;#SAKNAS!;#SAKNAS!;#SAKNAS!;#SAKNAS!;#SAKNAS!;#SAKNAS!;#SAKNAS!;#SAKNAS!;#SAKNAS!;#SAKNAS!;#SAKNAS!;#SAKNAS!;#SAKNAS!;#SAKNAS!;#SAKNAS!;#SAKNAS!;#SAKNAS!;;;;;;
DUST;;;SSE;#SAKNAS!;#SAKNAS!;#SAKNAS!;#SAKNAS!;0,80;#SAKNAS!;WG;#SAKNAS!;-51 655;#SAKNAS!;#SAKNAS!;;;#SAKNAS!;#SAKNAS!;#SAKNAS!;#SAKNAS!;#SAKNAS!;#SAKNAS!;#SAKNAS!;#SAKNAS!;#SAKNAS!;#SAKNAS!;#SAKNAS!;#SAKNAS!;#SAKNAS!;#SAKNAS!;#SAKNAS!;#SAKNAS!;#SAKNAS!;#SAKNAS!;#SAKNAS!;;;;;;
DUST;;;SSE;#SAKNAS!;#SAKNAS!;#SAKNAS!;#SAKNAS!;0,80;#SAKNAS!;EE;#SAKNAS!;-112 201;#SAKNAS!;#SAKNAS!;;;#SAKNAS!;#SAKNAS!;#SAKNAS!;#SAKNAS!;#SAKNAS!;#SAKNAS!;#SAKNAS!;#SAKNAS!;#SAKNAS!;#SAKNAS!;#SAKNAS!;#SAKNAS!;#SAKNAS!;#SAKNAS!;#SAKNAS!;#SAKNAS!;#SAKNAS!;#SAKNAS!;#SAKNAS!;;;;;;
ELISA;;;HSS;#SAKNAS!;#SAKNAS!;#SAKNAS!;#SAKNAS!;1,00;#SAKNAS!;WG;#SAKNAS!;-18 300;#SAKNAS!;#SAKNAS!;;;#SAKNAS!;#SAKNAS!;#SAKNAS!;#SAKNAS!;#SAKNAS!;#SAKNAS!;#SAKNAS!;#SAKNAS!;#SAKNAS!;#SAKNAS!;#SAKNAS!;#SAKNAS!;#SAKNAS!;#SAKNAS!;#SAKNAS!;#SAKNAS!;#SAKNAS!;#SAKNAS!;#SAKNAS!;;;;;;
ENEA;;;SSE;#SAKNAS!;#SAKNAS!;#SAKNAS!;#SAKNAS!;0,80;#SAKNAS!;EE;#SAKNAS!;-44 110;#SAKNAS!;#SAKNAS!;;;#SAKNAS!;#SAKNAS!;#SAKNAS!;#SAKNAS!;#SAKNAS!;#SAKNAS!;#SAKNAS!;#SAKNAS!;#SAKNAS!;#SAKNAS!;#SAKNAS!;#SAKNAS!;#SAKNAS!;#SAKNAS!;#SAKNAS!;#SAKNAS!;#SAKNAS!;#SAKNAS!;#SAKNAS!;;;;;;
ENENTO;;;HSS;#SAKNAS!;#SAKNAS!;#SAKNAS!;#SAKNAS!;1,00;#SAKNAS!;MH;#SAKNAS!;-46 593;#SAKNAS!;#SAKNAS!;;;#SAKNAS!;#SAKNAS!;#SAKNAS!;#SAKNAS!;#SAKNAS!;#SAKNAS!;#SAKNAS!;#SAKNAS!;#SAKNAS!;#SAKNAS!;#SAKNAS!;#SAKNAS!;#SAKNAS!;#SAKNAS!;#SAKNAS!;#SAKNAS!;#SAKNAS!;#SAKNAS!;#SAKNAS!;;;;;;
EPR;;;OSS;#SAKNAS!;#SAKNAS!;#SAKNAS!;#SAKNAS!;0,70;#SAKNAS!;MH;#SAKNAS!;-150 000;#SAKNAS!;#SAKNAS!;;;#SAKNAS!;#SAKNAS!;#SAKNAS!;#SAKNAS!;#SAKNAS!;#SAKNAS!;#SAKNAS!;#SAKNAS!;#SAKNAS!;#SAKNAS!;#SAKNAS!;#SAKNAS!;#SAKNAS!;#SAKNAS!;#SAKNAS!;#SAKNAS!;#SAKNAS!;#SAKNAS!;#SAKNAS!;;;;;;
EQT;;#SAKNAS!;SSE;#SAKNAS!;#SAKNAS!;#SAKNAS!;#SAKNAS!;1,20;#SAKNAS!;WG;#SAKNAS!;-50 000;#SAKNAS!;#SAKNAS!;;;#SAKNAS!;#SAKNAS!;#SAKNAS!;#SAKNAS!;#SAKNAS!;#SAKNAS!;#SAKNAS!;#SAKNAS!;#SAKNAS!;#SAKNAS!;#SAKNAS!;#SAKNAS!;#SAKNAS!;#SAKNAS!;#SAKNAS!;#SAKNAS!;#SAKNAS!;#SAKNAS!;#SAKNAS!;;;;;;
EQT;;#SAKNAS!;SSE;#SAKNAS!;#SAKNAS!;#SAKNAS!;#SAKNAS!;1,20;#SAKNAS!;MH;#SAKNAS!;-100 000;#SAKNAS!;#SAKNAS!;;;#SAKNAS!;#SAKNAS!;#SAKNAS!;#SAKNAS!;#SAKNAS!;#SAKNAS!;#SAKNAS!;#SAKNAS!;#SAKNAS!;#SAKNAS!;#SAKNAS!;#SAKNAS!;#SAKNAS!;#SAKNAS!;#SAKNAS!;#SAKNAS!;#SAKNAS!;#SAKNAS!;#SAKNAS!;;;;;;
EQT;;#SAKNAS!;SSE;#SAKNAS!;#SAKNAS!;#SAKNAS!;#SAKNAS!;1,20;#SAKNAS!;EE;#SAKNAS!;-19 966;#SAKNAS!;#SAKNAS!;;;#SAKNAS!;#SAKNAS!;#SAKNAS!;#SAKNAS!;#SAKNAS!;#SAKNAS!;#SAKNAS!;#SAKNAS!;#SAKNAS!;#SAKNAS!;#SAKNAS!;#SAKNAS!;#SAKNAS!;#SAKNAS!;#SAKNAS!;#SAKNAS!;#SAKNAS!;#SAKNAS!;#SAKNAS!;;;;;;
EVO;;#SAKNAS!;SSE;#SAKNAS!;#SAKNAS!;#SAKNAS!;#SAKNAS!;0,90;#SAKNAS!;WG;#SAKNAS!;-2 150;#SAKNAS!;#SAKNAS!;;;#SAKNAS!;#SAKNAS!;#SAKNAS!;#SAKNAS!;#SAKNAS!;#SAKNAS!;#SAKNAS!;#SAKNAS!;#SAKNAS!;#SAKNAS!;#SAKNAS!;#SAKNAS!;#SAKNAS!;#SAKNAS!;#SAKNAS!;#SAKNAS!;#SAKNAS!;#SAKNAS!;#SAKNAS!;;;;;;
FABG;;#SAKNAS!;SSE;#SAKNAS!;#SAKNAS!;#SAKNAS!;#SAKNAS!;0,90;#SAKNAS!;WG;#SAKNAS!;-15 061;#SAKNAS!;#SAKNAS!;;;#SAKNAS!;#SAKNAS!;#SAKNAS!;#SAKNAS!;#SAKNAS!;#SAKNAS!;#SAKNAS!;#SAKNAS!;#SAKNAS!;#SAKNAS!;#SAKNAS!;#SAKNAS!;#SAKNAS!;#SAKNAS!;#SAKNAS!;#SAKNAS!;#SAKNAS!;#SAKNAS!;#SAKNAS!;;;;;;
FING B;;;SSE;#SAKNAS!;#SAKNAS!;#SAKNAS!;#SAKNAS!;0,80;#SAKNAS!;EE;#SAKNAS!;-260 000;#SAKNAS!;#SAKNAS!;;;#SAKNAS!;#SAKNAS!;#SAKNAS!;#SAKNAS!;#SAKNAS!;#SAKNAS!;#SAKNAS!;#SAKNAS!;#SAKNAS!;#SAKNAS!;#SAKNAS!;#SAKNAS!;#SAKNAS!;#SAKNAS!;#SAKNAS!;#SAKNAS!;#SAKNAS!;#SAKNAS!;#SAKNAS!;;;;;;
FORTUM;#SAKNAS!;;HSS;#SAKNAS!;#SAKNAS!;#SAKNAS!;#SAKNAS!;1,50;#SAKNAS!;EE;#SAKNAS!;-77 750;#SAKNAS!;#SAKNAS!;;;#SAKNAS!;#SAKNAS!;#SAKNAS!;#SAKNAS!;#SAKNAS!;#SAKNAS!;#SAKNAS!;#SAKNAS!;#SAKNAS!;#SAKNAS!;#SAKNAS!;#SAKNAS!;#SAKNAS!;#SAKNAS!;#SAKNAS!;#SAKNAS!;#SAKNAS!;#SAKNAS!;#SAKNAS!;;;;;;
FORTUM;#SAKNAS!;;HSS;#SAKNAS!;#SAKNAS!;#SAKNAS!;#SAKNAS!;1,50;#SAKNAS!;WG;#SAKNAS!;-10 000;#SAKNAS!;#SAKNAS!;;;#SAKNAS!;#SAKNAS!;#SAKNAS!;#SAKNAS!;#SAKNAS!;#SAKNAS!;#SAKNAS!;#SAKNAS!;#SAKNAS!;#SAKNAS!;#SAKNAS!;#SAKNAS!;#SAKNAS!;#SAKNAS!;#SAKNAS!;#SAKNAS!;#SAKNAS!;#SAKNAS!;#SAKNAS!;;;;;;
GRNG;;;SSE;#SAKNAS!;#SAKNAS!;#SAKNAS!;#SAKNAS!;1,20;#SAKNAS!;EE;#SAKNAS!;-141 307;#SAKNAS!;#SAKNAS!;;;#SAKNAS!;#SAKNAS!;#SAKNAS!;#SAKNAS!;#SAKNAS!;#SAKNAS!;#SAKNAS!;#SAKNAS!;#SAKNAS!;#SAKNAS!;#SAKNAS!;#SAKNAS!;#SAKNAS!;#SAKNAS!;#SAKNAS!;#SAKNAS!;#SAKNAS!;#SAKNAS!;#SAKNAS!;;;;;;
HM B;;;SSE;#SAKNAS!;#SAKNAS!;#SAKNAS!;#SAKNAS!;0,80;#SAKNAS!;MH;#SAKNAS!;-110 808;#SAKNAS!;#SAKNAS!;;;#SAKNAS!;#SAKNAS!;#SAKNAS!;#SAKNAS!;#SAKNAS!;#SAKNAS!;#SAKNAS!;#SAKNAS!;#SAKNAS!;#SAKNAS!;#SAKNAS!;#SAKNAS!;#SAKNAS!;#SAKNAS!;#SAKNAS!;#SAKNAS!;#SAKNAS!;#SAKNAS!;#SAKNAS!;;;;;;
ICA;;#SAKNAS!;SSE;#SAKNAS!;#SAKNAS!;#SAKNAS!;#SAKNAS!;1,40;#SAKNAS!;JK;#SAKNAS!;-30 000;#SAKNAS!;#SAKNAS!;;;#SAKNAS!;#SAKNAS!;#SAKNAS!;#SAKNAS!;#SAKNAS!;#SAKNAS!;#SAKNAS!;#SAKNAS!;#SAKNAS!;#SAKNAS!;#SAKNAS!;#SAKNAS!;#SAKNAS!;#SAKNAS!;#SAKNAS!;#SAKNAS!;#SAKNAS!;#SAKNAS!;#SAKNAS!;;;;;;
INDT;;#SAKNAS!;SSE;#SAKNAS!;#SAKNAS!;#SAKNAS!;#SAKNAS!;1,00;#SAKNAS!;WG;#SAKNAS!;-44 241;#SAKNAS!;#SAKNAS!;;;#SAKNAS!;#SAKNAS!;#SAKNAS!;#SAKNAS!;#SAKNAS!;#SAKNAS!;#SAKNAS!;#SAKNAS!;#SAKNAS!;#SAKNAS!;#SAKNAS!;#SAKNAS!;#SAKNAS!;#SAKNAS!;#SAKNAS!;#SAKNAS!;#SAKNAS!;#SAKNAS!;#SAKNAS!;;;;;;
INDT;;#SAKNAS!;SSE;#SAKNAS!;#SAKNAS!;#SAKNAS!;#SAKNAS!;1,00;#SAKNAS!;MH;#SAKNAS!;-28 646;#SAKNAS!;#SAKNAS!;;;#SAKNAS!;#SAKNAS!;#SAKNAS!;#SAKNAS!;#SAKNAS!;#SAKNAS!;#SAKNAS!;#SAKNAS!;#SAKNAS!;#SAKNAS!;#SAKNAS!;#SAKNAS!;#SAKNAS!;#SAKNAS!;#SAKNAS!;#SAKNAS!;#SAKNAS!;#SAKNAS!;#SAKNAS!;;;;;;
INDT;;#SAKNAS!;SSE;#SAKNAS!;#SAKNAS!;#SAKNAS!;#SAKNAS!;1,00;#SAKNAS!;EE;#SAKNAS!;-50 000;#SAKNAS!;#SAKNAS!;;;#SAKNAS!;#SAKNAS!;#SAKNAS!;#SAKNAS!;#SAKNAS!;#SAKNAS!;#SAKNAS!;#SAKNAS!;#SAKNAS!;#SAKNAS!;#SAKNAS!;#SAKNAS!;#SAKNAS!;#SAKNAS!;#SAKNAS!;#SAKNAS!;#SAKNAS!;#SAKNAS!;#SAKNAS!;;;;;;
INDU A;;#SAKNAS!;SSE;#SAKNAS!;#SAKNAS!;#SAKNAS!;#SAKNAS!;1,00;#SAKNAS!;EE;#SAKNAS!;-82 000;#SAKNAS!;#SAKNAS!;;;#SAKNAS!;#SAKNAS!;#SAKNAS!;#SAKNAS!;#SAKNAS!;#SAKNAS!;#SAKNAS!;#SAKNAS!;#SAKNAS!;#SAKNAS!;#SAKNAS!;#SAKNAS!;#SAKNAS!;#SAKNAS!;#SAKNAS!;#SAKNAS!;#SAKNAS!;#SAKNAS!;#SAKNAS!;;;;;;
INTRUM;;;SSE;#SAKNAS!;#SAKNAS!;#SAKNAS!;#SAKNAS!;0,80;#SAKNAS!;EE;#SAKNAS!;-16 190;#SAKNAS!;#SAKNAS!;;;#SAKNAS!;#SAKNAS!;#SAKNAS!;#SAKNAS!;#SAKNAS!;#SAKNAS!;#SAKNAS!;#SAKNAS!;#SAKNAS!;#SAKNAS!;#SAKNAS!;#SAKNAS!;#SAKNAS!;#SAKNAS!;#SAKNAS!;#SAKNAS!;#SAKNAS!;#SAKNAS!;#SAKNAS!;;;;;;
INTRUM;;;SSE;#SAKNAS!;#SAKNAS!;#SAKNAS!;#SAKNAS!;0,80;#SAKNAS!;MH;#SAKNAS!;-40 000;#SAKNAS!;#SAKNAS!;;;#SAKNAS!;#SAKNAS!;#SAKNAS!;#SAKNAS!;#SAKNAS!;#SAKNAS!;#SAKNAS!;#SAKNAS!;#SAKNAS!;#SAKNAS!;#SAKNAS!;#SAKNAS!;#SAKNAS!;#SAKNAS!;#SAKNAS!;#SAKNAS!;#SAKNAS!;#SAKNAS!;#SAKNAS!;;;;;;
INWI;;;SSE;#SAKNAS!;#SAKNAS!;#SAKNAS!;#SAKNAS!;0,80;#SAKNAS!;EE;#SAKNAS!;-61 047;#SAKNAS!;#SAKNAS!;;;#SAKNAS!;#SAKNAS!;#SAKNAS!;#SAKNAS!;#SAKNAS!;#SAKNAS!;#SAKNAS!;#SAKNAS!;#SAKNAS!;#SAKNAS!;#SAKNAS!;#SAKNAS!;#SAKNAS!;#SAKNAS!;#SAKNAS!;#SAKNAS!;#SAKNAS!;#SAKNAS!;#SAKNAS!;;;;;;
JM;;#SAKNAS!;SSE;#SAKNAS!;#SAKNAS!;#SAKNAS!;#SAKNAS!;1,30;#SAKNAS!;EE;#SAKNAS!;-95 015;#SAKNAS!;#SAKNAS!;;;#SAKNAS!;#SAKNAS!;#SAKNAS!;#SAKNAS!;#SAKNAS!;#SAKNAS!;#SAKNAS!;#SAKNAS!;#SAKNAS!;#SAKNAS!;#SAKNAS!;#SAKNAS!;#SAKNAS!;#SAKNAS!;#SAKNAS!;#SAKNAS!;#SAKNAS!;#SAKNAS!;#SAKNAS!;;;;;;
KEMIRA;;;HSS;#SAKNAS!;#SAKNAS!;#SAKNAS!;#SAKNAS!;1,00;#SAKNAS!;EE;#SAKNAS!;-77 809;#SAKNAS!;#SAKNAS!;;;#SAKNAS!;#SAKNAS!;#SAKNAS!;#SAKNAS!;#SAKNAS!;#SAKNAS!;#SAKNAS!;#SAKNAS!;#SAKNAS!;#SAKNAS!;#SAKNAS!;#SAKNAS!;#SAKNAS!;#SAKNAS!;#SAKNAS!;#SAKNAS!;#SAKNAS!;#SAKNAS!;#SAKNAS!;;;;;;
KESKOB;;;HSS;#SAKNAS!;#SAKNAS!;#SAKNAS!;#SAKNAS!;1,00;#SAKNAS!;EE;#SAKNAS!;-142 575;#SAKNAS!;#SAKNAS!;;;#SAKNAS!;#SAKNAS!;#SAKNAS!;#SAKNAS!;#SAKNAS!;#SAKNAS!;#SAKNAS!;#SAKNAS!;#SAKNAS!;#SAKNAS!;#SAKNAS!;#SAKNAS!;#SAKNAS!;#SAKNAS!;#SAKNAS!;#SAKNAS!;#SAKNAS!;#SAKNAS!;#SAKNAS!;;;;;;
KESKOB;;;HSS;#SAKNAS!;#SAKNAS!;#SAKNAS!;#SAKNAS!;1,00;#SAKNAS!;MH;#SAKNAS!;-291 718;#SAKNAS!;#SAKNAS!;;;#SAKNAS!;#SAKNAS!;#SAKNAS!;#SAKNAS!;#SAKNAS!;#SAKNAS!;#SAKNAS!;#SAKNAS!;#SAKNAS!;#SAKNAS!;#SAKNAS!;#SAKNAS!;#SAKNAS!;#SAKNAS!;#SAKNAS!;#SAKNAS!;#SAKNAS!;#SAKNAS!;#SAKNAS!;;;;;;
KESKOB;;;HSS;#SAKNAS!;#SAKNAS!;#SAKNAS!;#SAKNAS!;1,00;#SAKNAS!;JK;#SAKNAS!;-30 000;#SAKNAS!;#SAKNAS!;;;#SAKNAS!;#SAKNAS!;#SAKNAS!;#SAKNAS!;#SAKNAS!;#SAKNAS!;#SAKNAS!;#SAKNAS!;#SAKNAS!;#SAKNAS!;#SAKNAS!;#SAKNAS!;#SAKNAS!;#SAKNAS!;#SAKNAS!;#SAKNAS!;#SAKNAS!;#SAKNAS!;#SAKNAS!;;;;;;
LATO B;;#SAKNAS!;SSE;#SAKNAS!;#SAKNAS!;0;#SAKNAS!;0,90;#SAKNAS!;WG;#SAKNAS!;-35 000;#SAKNAS!;#SAKNAS!;;;#SAKNAS!;#SAKNAS!;#SAKNAS!;#SAKNAS!;#SAKNAS!;#SAKNAS!;#SAKNAS!;#SAKNAS!;#SAKNAS!;#SAKNAS!;#SAKNAS!;#SAKNAS!;#SAKNAS!;#SAKNAS!;#SAKNAS!;#SAKNAS!;#SAKNAS!;#SAKNAS!;#SAKNAS!;;;;;;
LEO;;#SAKNAS!;SSE;#SAKNAS!;#SAKNAS!;#SAKNAS!;#SAKNAS!;0,90;#SAKNAS!;EE;#SAKNAS!;-57 247;#SAKNAS!;#SAKNAS!;;;#SAKNAS!;#SAKNAS!;#SAKNAS!;#SAKNAS!;#SAKNAS!;#SAKNAS!;#SAKNAS!;#SAKNAS!;#SAKNAS!;#SAKNAS!;#SAKNAS!;#SAKNAS!;#SAKNAS!;#SAKNAS!;#SAKNAS!;#SAKNAS!;#SAKNAS!;#SAKNAS!;#SAKNAS!;;;;;;
LUND B;;#SAKNAS!;SSE;#SAKNAS!;#SAKNAS!;0;#SAKNAS!;0,90;#SAKNAS!;WG;#SAKNAS!;-62 623;#SAKNAS!;#SAKNAS!;;;#SAKNAS!;#SAKNAS!;#SAKNAS!;#SAKNAS!;#SAKNAS!;#SAKNAS!;#SAKNAS!;#SAKNAS!;#SAKNAS!;#SAKNAS!;#SAKNAS!;#SAKNAS!;#SAKNAS!;#SAKNAS!;#SAKNAS!;#SAKNAS!;#SAKNAS!;#SAKNAS!;#SAKNAS!;;;;;;
LUND B;;#SAKNAS!;SSE;#SAKNAS!;#SAKNAS!;0;#SAKNAS!;0,90;#SAKNAS!;MH;#SAKNAS!;-53 792;#SAKNAS!;#SAKNAS!;;;#SAKNAS!;#SAKNAS!;#SAKNAS!;#SAKNAS!;#SAKNAS!;#SAKNAS!;#SAKNAS!;#SAKNAS!;#SAKNAS!;#SAKNAS!;#SAKNAS!;#SAKNAS!;#SAKNAS!;#SAKNAS!;#SAKNAS!;#SAKNAS!;#SAKNAS!;#SAKNAS!;#SAKNAS!;;;;;;
MAERSK B;;#SAKNAS!;CSS;#SAKNAS!;#SAKNAS!;#SAKNAS!;#SAKNAS!;1,20;#SAKNAS!;EE;#SAKNAS!;-675;#SAKNAS!;#SAKNAS!;;;#SAKNAS!;#SAKNAS!;#SAKNAS!;#SAKNAS!;#SAKNAS!;#SAKNAS!;#SAKNAS!;#SAKNAS!;#SAKNAS!;#SAKNAS!;#SAKNAS!;#SAKNAS!;#SAKNAS!;#SAKNAS!;#SAKNAS!;#SAKNAS!;#SAKNAS!;#SAKNAS!;#SAKNAS!;;;;;;
MATAS;;#SAKNAS!;CSS;#SAKNAS!;#SAKNAS!;#SAKNAS!;#SAKNAS!;1,20;#SAKNAS!;EE;#SAKNAS!;-20 432;#SAKNAS!;#SAKNAS!;;;#SAKNAS!;#SAKNAS!;#SAKNAS!;#SAKNAS!;#SAKNAS!;#SAKNAS!;#SAKNAS!;#SAKNAS!;#SAKNAS!;#SAKNAS!;#SAKNAS!;#SAKNAS!;#SAKNAS!;#SAKNAS!;#SAKNAS!;#SAKNAS!;#SAKNAS!;#SAKNAS!;#SAKNAS!;;;;;;
MCOV B;;#SAKNAS!;SSE;#SAKNAS!;#SAKNAS!;#SAKNAS!;#SAKNAS!;0,90;#SAKNAS!;MH;#SAKNAS!;-28 445;#SAKNAS!;#SAKNAS!;;;#SAKNAS!;#SAKNAS!;#SAKNAS!;#SAKNAS!;#SAKNAS!;#SAKNAS!;#SAKNAS!;#SAKNAS!;#SAKNAS!;#SAKNAS!;#SAKNAS!;#SAKNAS!;#SAKNAS!;#SAKNAS!;#SAKNAS!;#SAKNAS!;#SAKNAS!;#SAKNAS!;#SAKNAS!;;;;;;
MOWI;;;OSS;#SAKNAS!;#SAKNAS!;#SAKNAS!;#SAKNAS!;1,50;#SAKNAS!;WG;#SAKNAS!;-27 146;#SAKNAS!;n.m.;;;#SAKNAS!;#SAKNAS!;#SAKNAS!;#SAKNAS!;#SAKNAS!;#SAKNAS!;#SAKNAS!;#SAKNAS!;#SAKNAS!;#SAKNAS!;#SAKNAS!;#SAKNAS!;#SAKNAS!;#SAKNAS!;#SAKNAS!;#SAKNAS!;#SAKNAS!;#SAKNAS!;#SAKNAS!;;;;;;
NENT B;;#SAKNAS!;SSE;#SAKNAS!;#SAKNAS!;#SAKNAS!;#SAKNAS!;0,90;#SAKNAS!;MH;#SAKNAS!;-25 539;#SAKNAS!;#SAKNAS!;;;#SAKNAS!;#SAKNAS!;#SAKNAS!;#SAKNAS!;#SAKNAS!;#SAKNAS!;#SAKNAS!;#SAKNAS!;#SAKNAS!;#SAKNAS!;#SAKNAS!;#SAKNAS!;#SAKNAS!;#SAKNAS!;#SAKNAS!;#SAKNAS!;#SAKNAS!;#SAKNAS!;#SAKNAS!;;;;;;
NENT B;;#SAKNAS!;SSE;#SAKNAS!;#SAKNAS!;#SAKNAS!;#SAKNAS!;0,90;#SAKNAS!;WG;#SAKNAS!;-16 400;#SAKNAS!;#SAKNAS!;;;#SAKNAS!;#SAKNAS!;#SAKNAS!;#SAKNAS!;#SAKNAS!;#SAKNAS!;#SAKNAS!;#SAKNAS!;#SAKNAS!;#SAKNAS!;#SAKNAS!;#SAKNAS!;#SAKNAS!;#SAKNAS!;#SAKNAS!;#SAKNAS!;#SAKNAS!;#SAKNAS!;#SAKNAS!;;;;;;
NIBE B;;#SAKNAS!;SSE;#SAKNAS!;#SAKNAS!;#SAKNAS!;#SAKNAS!;0,90;#SAKNAS!;MH;#SAKNAS!;-20 000;#SAKNAS!;#SAKNAS!;;;#SAKNAS!;#SAKNAS!;#SAKNAS!;#SAKNAS!;#SAKNAS!;#SAKNAS!;#SAKNAS!;#SAKNAS!;#SAKNAS!;#SAKNAS!;#SAKNAS!;#SAKNAS!;#SAKNAS!;#SAKNAS!;#SAKNAS!;#SAKNAS!;#SAKNAS!;#SAKNAS!;#SAKNAS!;;;;;;
NIBE B;;;SSE;#SAKNAS!;#SAKNAS!;#SAKNAS!;#SAKNAS!;0,80;#SAKNAS!;WG;#SAKNAS!;-18 590;#SAKNAS!;#SAKNAS!;;;#SAKNAS!;#SAKNAS!;#SAKNAS!;#SAKNAS!;#SAKNAS!;#SAKNAS!;#SAKNAS!;#SAKNAS!;#SAKNAS!;#SAKNAS!;#SAKNAS!;#SAKNAS!;#SAKNAS!;#SAKNAS!;#SAKNAS!;#SAKNAS!;#SAKNAS!;#SAKNAS!;#SAKNAS!;;;;;;
NNIT;;#SAKNAS!;CSS;#SAKNAS!;#SAKNAS!;#SAKNAS!;#SAKNAS!;1,10;#SAKNAS!;MH;#SAKNAS!;-47 553;#SAKNAS!;#SAKNAS!;;;#SAKNAS!;#SAKNAS!;#SAKNAS!;#SAKNAS!;#SAKNAS!;#SAKNAS!;#SAKNAS!;#SAKNAS!;#SAKNAS!;#SAKNAS!;#SAKNAS!;#SAKNAS!;#SAKNAS!;#SAKNAS!;#SAKNAS!;#SAKNAS!;#SAKNAS!;#SAKNAS!;#SAKNAS!;;;;;;
NOBI;;#SAKNAS!;SSE;#SAKNAS!;#SAKNAS!;#SAKNAS!;#SAKNAS!;0,90;#SAKNAS!;EE;#SAKNAS!;-206 819;#SAKNAS!;#SAKNAS!;;;#SAKNAS!;#SAKNAS!;#SAKNAS!;#SAKNAS!;#SAKNAS!;#SAKNAS!;#SAKNAS!;#SAKNAS!;#SAKNAS!;#SAKNAS!;#SAKNAS!;#SAKNAS!;#SAKNAS!;#SAKNAS!;#SAKNAS!;#SAKNAS!;#SAKNAS!;#SAKNAS!;#SAKNAS!;;;;;;
ONCO;;#SAKNAS!;SSE;#SAKNAS!;#SAKNAS!;#SAKNAS!;#SAKNAS!;0,90;#SAKNAS!;MH;#SAKNAS!;-30 000;#SAKNAS!;#SAKNAS!;;;#SAKNAS!;#SAKNAS!;#SAKNAS!;#SAKNAS!;#SAKNAS!;#SAKNAS!;#SAKNAS!;#SAKNAS!;#SAKNAS!;#SAKNAS!;#SAKNAS!;#SAKNAS!;#SAKNAS!;#SAKNAS!;#SAKNAS!;#SAKNAS!;#SAKNAS!;#SAKNAS!;#SAKNAS!;;;;;;
OVZON;;;SSE;#SAKNAS!;#SAKNAS!;#SAKNAS!;#SAKNAS!;0,80;#SAKNAS!;EE;#SAKNAS!;-50 000;#SAKNAS!;#SAKNAS!;;;#SAKNAS!;#SAKNAS!;#SAKNAS!;#SAKNAS!;#SAKNAS!;#SAKNAS!;#SAKNAS!;#SAKNAS!;#SAKNAS!;#SAKNAS!;#SAKNAS!;#SAKNAS!;#SAKNAS!;#SAKNAS!;#SAKNAS!;#SAKNAS!;#SAKNAS!;#SAKNAS!;#SAKNAS!;;;;;;
PCELL;;#SAKNAS!;SSE;#SAKNAS!;#SAKNAS!;#SAKNAS!;#SAKNAS!;0,90;#SAKNAS!;EE;#SAKNAS!;-30 000;#SAKNAS!;#SAKNAS!;;;#SAKNAS!;#SAKNAS!;#SAKNAS!;#SAKNAS!;#SAKNAS!;#SAKNAS!;#SAKNAS!;#SAKNAS!;#SAKNAS!;#SAKNAS!;#SAKNAS!;#SAKNAS!;#SAKNAS!;#SAKNAS!;#SAKNAS!;#SAKNAS!;#SAKNAS!;#SAKNAS!;#SAKNAS!;;;;;;
PNDX B;;#SAKNAS!;SSE;#SAKNAS!;#SAKNAS!;#SAKNAS!;#SAKNAS!;1,30;#SAKNAS!;WG;#SAKNAS!;-209 480;#SAKNAS!;#SAKNAS!;;;#SAKNAS!;#SAKNAS!;#SAKNAS!;#SAKNAS!;#SAKNAS!;#SAKNAS!;#SAKNAS!;#SAKNAS!;#SAKNAS!;#SAKNAS!;#SAKNAS!;#SAKNAS!;#SAKNAS!;#SAKNAS!;#SAKNAS!;#SAKNAS!;#SAKNAS!;#SAKNAS!;#SAKNAS!;;;;;;
PNDX B;;#SAKNAS!;SSE;#SAKNAS!;#SAKNAS!;#SAKNAS!;#SAKNAS!;1,30;#SAKNAS!;MH;#SAKNAS!;-85 000;#SAKNAS!;#SAKNAS!;;;#SAKNAS!;#SAKNAS!;#SAKNAS!;#SAKNAS!;#SAKNAS!;#SAKNAS!;#SAKNAS!;#SAKNAS!;#SAKNAS!;#SAKNAS!;#SAKNAS!;#SAKNAS!;#SAKNAS!;#SAKNAS!;#SAKNAS!;#SAKNAS!;#SAKNAS!;#SAKNAS!;#SAKNAS!;;;;;;
READ;;#SAKNAS!;SSE;#SAKNAS!;#SAKNAS!;#SAKNAS!;#SAKNAS!;0,90;#SAKNAS!;MH;#SAKNAS!;-90 000;#SAKNAS!;#SAKNAS!;;;#SAKNAS!;#SAKNAS!;#SAKNAS!;#SAKNAS!;#SAKNAS!;#SAKNAS!;#SAKNAS!;#SAKNAS!;#SAKNAS!;#SAKNAS!;#SAKNAS!;#SAKNAS!;#SAKNAS!;#SAKNAS!;#SAKNAS!;#SAKNAS!;#SAKNAS!;#SAKNAS!;#SAKNAS!;;;;;;
SAA1V;;;HSS;#SAKNAS!;#SAKNAS!;#SAKNAS!;#SAKNAS!;1,00;#SAKNAS!;MH;#SAKNAS!;-80 000;#SAKNAS!;#SAKNAS!;;;#SAKNAS!;#SAKNAS!;#SAKNAS!;#SAKNAS!;#SAKNAS!;#SAKNAS!;#SAKNAS!;#SAKNAS!;#SAKNAS!;#SAKNAS!;#SAKNAS!;#SAKNAS!;#SAKNAS!;#SAKNAS!;#SAKNAS!;#SAKNAS!;#SAKNAS!;#SAKNAS!;#SAKNAS!;;;;;;
SAGA B;;#SAKNAS!;SSE;#SAKNAS!;#SAKNAS!;#SAKNAS!;#SAKNAS!;0,90;#SAKNAS!;WG;#SAKNAS!;-15 000;#SAKNAS!;#SAKNAS!;;;#SAKNAS!;#SAKNAS!;#SAKNAS!;#SAKNAS!;#SAKNAS!;#SAKNAS!;#SAKNAS!;#SAKNAS!;#SAKNAS!;#SAKNAS!;#SAKNAS!;#SAKNAS!;#SAKNAS!;#SAKNAS!;#SAKNAS!;#SAKNAS!;#SAKNAS!;#SAKNAS!;#SAKNAS!;;;;;;
SAGA B;;;SSE;#SAKNAS!;#SAKNAS!;#SAKNAS!;#SAKNAS!;1,20;#SAKNAS!;MH;#SAKNAS!;-50 000;#SAKNAS!;#SAKNAS!;;;#SAKNAS!;#SAKNAS!;#SAKNAS!;#SAKNAS!;#SAKNAS!;#SAKNAS!;#SAKNAS!;#SAKNAS!;#SAKNAS!;#SAKNAS!;#SAKNAS!;#SAKNAS!;#SAKNAS!;#SAKNAS!;#SAKNAS!;#SAKNAS!;#SAKNAS!;#SAKNAS!;#SAKNAS!;;;;;;
SAND;;;SSE;#SAKNAS!;#SAKNAS!;#SAKNAS!;#SAKNAS!;1,20;#SAKNAS!;EE;#SAKNAS!;-109 086;#SAKNAS!;#SAKNAS!;;;#SAKNAS!;#SAKNAS!;#SAKNAS!;#SAKNAS!;#SAKNAS!;#SAKNAS!;#SAKNAS!;#SAKNAS!;#SAKNAS!;#SAKNAS!;#SAKNAS!;#SAKNAS!;#SAKNAS!;#SAKNAS!;#SAKNAS!;#SAKNAS!;#SAKNAS!;#SAKNAS!;#SAKNAS!;;;;;;
SAND;;;SSE;#SAKNAS!;#SAKNAS!;#SAKNAS!;#SAKNAS!;1,20;#SAKNAS!;WG;#SAKNAS!;-30 000;#SAKNAS!;#SAKNAS!;;;#SAKNAS!;#SAKNAS!;#SAKNAS!;#SAKNAS!;#SAKNAS!;#SAKNAS!;#SAKNAS!;#SAKNAS!;#SAKNAS!;#SAKNAS!;#SAKNAS!;#SAKNAS!;#SAKNAS!;#SAKNAS!;#SAKNAS!;#SAKNAS!;#SAKNAS!;#SAKNAS!;#SAKNAS!;;;;;;
SAS;;;SSE;#SAKNAS!;#SAKNAS!;#SAKNAS!;#SAKNAS!;0,80;#SAKNAS!;MH;#SAKNAS!;-4 815 843;#SAKNAS!;#SAKNAS!;;;#SAKNAS!;#SAKNAS!;#SAKNAS!;#SAKNAS!;#SAKNAS!;#SAKNAS!;#SAKNAS!;#SAKNAS!;#SAKNAS!;#SAKNAS!;#SAKNAS!;#SAKNAS!;#SAKNAS!;#SAKNAS!;#SAKNAS!;#SAKNAS!;#SAKNAS!;#SAKNAS!;#SAKNAS!;;;;;;
SCATC;;;OSS;#SAKNAS!;#SAKNAS!;#SAKNAS!;#SAKNAS!;0,70;#SAKNAS!;EE;#SAKNAS!;-42 350;#SAKNAS!;#SAKNAS!;;;#SAKNAS!;#SAKNAS!;#SAKNAS!;#SAKNAS!;#SAKNAS!;#SAKNAS!;#SAKNAS!;#SAKNAS!;#SAKNAS!;#SAKNAS!;#SAKNAS!;#SAKNAS!;#SAKNAS!;#SAKNAS!;#SAKNAS!;#SAKNAS!;#SAKNAS!;#SAKNAS!;#SAKNAS!;;;;;;
SECT B;;#SAKNAS!;SSE;#SAKNAS!;#SAKNAS!;#SAKNAS!;#SAKNAS!;1,20;#SAKNAS!;WG;#SAKNAS!;-7 200;#SAKNAS!;#SAKNAS!;;;#SAKNAS!;#SAKNAS!;#SAKNAS!;#SAKNAS!;#SAKNAS!;#SAKNAS!;#SAKNAS!;#SAKNAS!;#SAKNAS!;#SAKNAS!;#SAKNAS!;#SAKNAS!;#SAKNAS!;#SAKNAS!;#SAKNAS!;#SAKNAS!;#SAKNAS!;#SAKNAS!;#SAKNAS!;;;;;;
SHOT;;;SSE;#SAKNAS!;#SAKNAS!;#SAKNAS!;#SAKNAS!;1,50;#SAKNAS!;WG;#SAKNAS!;-384 915;#SAKNAS!;#SAKNAS!;;;#SAKNAS!;#SAKNAS!;#SAKNAS!;#SAKNAS!;#SAKNAS!;#SAKNAS!;#SAKNAS!;#SAKNAS!;#SAKNAS!;#SAKNAS!;#SAKNAS!;#SAKNAS!;#SAKNAS!;#SAKNAS!;#SAKNAS!;#SAKNAS!;#SAKNAS!;#SAKNAS!;#SAKNAS!;;;;;;
SINCH;;#SAKNAS!;SSE;#SAKNAS!;#SAKNAS!;#SAKNAS!;#SAKNAS!;0,90;#SAKNAS!;WG;#SAKNAS!;-5 480;#SAKNAS!;#SAKNAS!;;;#SAKNAS!;#SAKNAS!;#SAKNAS!;#SAKNAS!;#SAKNAS!;#SAKNAS!;#SAKNAS!;#SAKNAS!;#SAKNAS!;#SAKNAS!;#SAKNAS!;#SAKNAS!;#SAKNAS!;#SAKNAS!;#SAKNAS!;#SAKNAS!;#SAKNAS!;#SAKNAS!;#SAKNAS!;;;;;;
SVOL B;;;SSE;#SAKNAS!;#SAKNAS!;#SAKNAS!;#SAKNAS!;1,30;#SAKNAS!;WG;#SAKNAS!;-10 331;#SAKNAS!;#SAKNAS!;;;#SAKNAS!;#SAKNAS!;#SAKNAS!;#SAKNAS!;#SAKNAS!;#SAKNAS!;#SAKNAS!;#SAKNAS!;#SAKNAS!;#SAKNAS!;#SAKNAS!;#SAKNAS!;#SAKNAS!;#SAKNAS!;#SAKNAS!;#SAKNAS!;#SAKNAS!;#SAKNAS!;#SAKNAS!;;;;;;
SWED A;;;SSE;#SAKNAS!;#SAKNAS!;#SAKNAS!;#SAKNAS!;1,30;#SAKNAS!;EE;#SAKNAS!;-150 000;#SAKNAS!;#SAKNAS!;;;#SAKNAS!;#SAKNAS!;#SAKNAS!;#SAKNAS!;#SAKNAS!;#SAKNAS!;#SAKNAS!;#SAKNAS!;#SAKNAS!;#SAKNAS!;#SAKNAS!;#SAKNAS!;#SAKNAS!;#SAKNAS!;#SAKNAS!;#SAKNAS!;#SAKNAS!;#SAKNAS!;#SAKNAS!;;;;;;
TELIA;;;SSE;#SAKNAS!;#SAKNAS!;#SAKNAS!;#SAKNAS!;1,30;#SAKNAS!;EE;#SAKNAS!;-327 150;#SAKNAS!;#SAKNAS!;;;#SAKNAS!;#SAKNAS!;#SAKNAS!;#SAKNAS!;#SAKNAS!;#SAKNAS!;#SAKNAS!;#SAKNAS!;#SAKNAS!;#SAKNAS!;#SAKNAS!;#SAKNAS!;#SAKNAS!;#SAKNAS!;#SAKNAS!;#SAKNAS!;#SAKNAS!;#SAKNAS!;#SAKNAS!;;;;;;
TOKMAN;;;HSS;#SAKNAS!;#SAKNAS!;#SAKNAS!;#SAKNAS!;1,00;#SAKNAS!;MH;#SAKNAS!;-50 960;#SAKNAS!;#SAKNAS!;;;#SAKNAS!;#SAKNAS!;#SAKNAS!;#SAKNAS!;#SAKNAS!;#SAKNAS!;#SAKNAS!;#SAKNAS!;#SAKNAS!;#SAKNAS!;#SAKNAS!;#SAKNAS!;#SAKNAS!;#SAKNAS!;#SAKNAS!;#SAKNAS!;#SAKNAS!;#SAKNAS!;#SAKNAS!;;;;;;
TOKMAN;;;HSS;#SAKNAS!;#SAKNAS!;#SAKNAS!;#SAKNAS!;1,00;#SAKNAS!;EE;#SAKNAS!;-83 566;#SAKNAS!;#SAKNAS!;;;#SAKNAS!;#SAKNAS!;#SAKNAS!;#SAKNAS!;#SAKNAS!;#SAKNAS!;#SAKNAS!;#SAKNAS!;#SAKNAS!;#SAKNAS!;#SAKNAS!;#SAKNAS!;#SAKNAS!;#SAKNAS!;#SAKNAS!;#SAKNAS!;#SAKNAS!;#SAKNAS!;#SAKNAS!;;;;;;
TOM;;;OSS;#SAKNAS!;#SAKNAS!;#SAKNAS!;#SAKNAS!;1,50;#SAKNAS!;EE;#SAKNAS!;-22 200;#SAKNAS!;n.m.;;;#SAKNAS!;#SAKNAS!;#SAKNAS!;#SAKNAS!;#SAKNAS!;#SAKNAS!;#SAKNAS!;#SAKNAS!;#SAKNAS!;#SAKNAS!;#SAKNAS!;#SAKNAS!;#SAKNAS!;#SAKNAS!;#SAKNAS!;#SAKNAS!;#SAKNAS!;#SAKNAS!;#SAKNAS!;;;;;;
TYRES;;;HSS;#SAKNAS!;#SAKNAS!;#SAKNAS!;#SAKNAS!;1,00;#SAKNAS!;EE;#SAKNAS!;-20 850;#SAKNAS!;#SAKNAS!;;;#SAKNAS!;#SAKNAS!;#SAKNAS!;#SAKNAS!;#SAKNAS!;#SAKNAS!;#SAKNAS!;#SAKNAS!;#SAKNAS!;#SAKNAS!;#SAKNAS!;#SAKNAS!;#SAKNAS!;#SAKNAS!;#SAKNAS!;#SAKNAS!;#SAKNAS!;#SAKNAS!;#SAKNAS!;;;;;;
VOLV B;;;SSE;#SAKNAS!;#SAKNAS!;#SAKNAS!;#SAKNAS!;1,30;#SAKNAS!;EE;#SAKNAS!;-68 622;#SAKNAS!;#SAKNAS!;;;#SAKNAS!;#SAKNAS!;#SAKNAS!;#SAKNAS!;#SAKNAS!;#SAKNAS!;#SAKNAS!;#SAKNAS!;#SAKNAS!;#SAKNAS!;#SAKNAS!;#SAKNAS!;#SAKNAS!;#SAKNAS!;#SAKNAS!;#SAKNAS!;#SAKNAS!;#SAKNAS!;#SAKNAS!;;;;;;
VOLV B;;;SSE;#SAKNAS!;#SAKNAS!;#SAKNAS!;#SAKNAS!;0,60;#SAKNAS!;JK;#SAKNAS!;-40 000;#SAKNAS!;#SAKNAS!;;;#SAKNAS!;#SAKNAS!;#SAKNAS!;#SAKNAS!;#SAKNAS!;#SAKNAS!;#SAKNAS!;#SAKNAS!;#SAKNAS!;#SAKNAS!;#SAKNAS!;#SAKNAS!;#SAKNAS!;#SAKNAS!;#SAKNAS!;#SAKNAS!;#SAKNAS!;#SAKNAS!;#SAKNAS!;;;;;;
WIHL;;#SAKNAS!;SSE;#SAKNAS!;#SAKNAS!;#SAKNAS!;#SAKNAS!;1,20;#SAKNAS!;WG;#SAKNAS!;-25 000;#SAKNAS!;#SAKNAS!;;;#SAKNAS!;#SAKNAS!;#SAKNAS!;#SAKNAS!;#SAKNAS!;#SAKNAS!;#SAKNAS!;#SAKNAS!;#SAKNAS!;#SAKNAS!;#SAKNAS!;#SAKNAS!;#SAKNAS!;#SAKNAS!;#SAKNAS!;#SAKNAS!;#SAKNAS!;#SAKNAS!;#SAKNAS!;;;;;;
ZAL;;;XET;#SAKNAS!;#SAKNAS!;#SAKNAS!;#SAKNAS!;1,00;#SAKNAS!;EE;#SAKNAS!;-16 250;#SAKNAS!;n.m.;;;#SAKNAS!;#SAKNAS!;#SAKNAS!;#SAKNAS!;#SAKNAS!;#SAKNAS!;#SAKNAS!;#SAKNAS!;#SAKNAS!;#SAKNAS!;#SAKNAS!;#SAKNAS!;#SAKNAS!;#SAKNAS!;#SAKNAS!;#SAKNAS!;#SAKNAS!;#SAKNAS!;#SAKNAS!;;;;;;
OMXS301D;; ;SO;#SAKNAS!;165 000 000 000;#SAKNAS!;#SAKNAS!;1,00;#SAKNAS!;EE;#SAKNAS!;-250;#SAKNAS!;n.m.;;;#SAKNAS!;#SAKNAS!;#SAKNAS!;#SAKNAS!;#SAKNAS!;#SAKNAS!;#SAKNAS!;#SAKNAS!;#SAKNAS!;#SAKNAS!;#SAKNAS!;#SAKNAS!;#SAKNAS!;#SAKNAS!;#SAKNAS!;#SAKNAS!;#SAKNAS!;#SAKNAS!;#SAKNAS!;;;;;;
OMXS301D;; ;SO;#SAKNAS!;165 000 000 000;#SAKNAS!;#SAKNAS!;1,00;#SAKNAS!;JK;#SAKNAS!;-225;#SAKNAS!;n.m.;;;#SAKNAS!;#SAKNAS!;#SAKNAS!;#SAKNAS!;#SAKNAS!;#SAKNAS!;#SAKNAS!;#SAKNAS!;#SAKNAS!;#SAKNAS!;#SAKNAS!;#SAKNAS!;#SAKNAS!;#SAKNAS!;#SAKNAS!;#SAKNAS!;#SAKNAS!;#SAKNAS!;#SAKNAS!;;;;;;
OMXS301D;; ;SO;#SAKNAS!;165 000 000 000;#SAKNAS!;#SAKNAS!;1,00;#SAKNAS!;WG;#SAKNAS!;-1 194;#SAKNAS!;n.m.;;;#SAKNAS!;#SAKNAS!;#SAKNAS!;#SAKNAS!;#SAKNAS!;#SAKNAS!;#SAKNAS!;#SAKNAS!;#SAKNAS!;#SAKNAS!;#SAKNAS!;#SAKNAS!;#SAKNAS!;#SAKNAS!;#SAKNAS!;#SAKNAS!;#SAKNAS!;#SAKNAS!;#SAKNAS!;;;;;;
OMXS301D;; ;SO;#SAKNAS!;165 000 000 000;#SAKNAS!;#SAKNAS!;1,00;#SAKNAS!;MH;#SAKNAS!;-170;#SAKNAS!;n.m.;;;#SAKNAS!;#SAKNAS!;#SAKNAS!;#SAKNAS!;#SAKNAS!;#SAKNAS!;#SAKNAS!;#SAKNAS!;#SAKNAS!;#SAKNAS!;#SAKNAS!;#SAKNAS!;#SAKNAS!;#SAKNAS!;#SAKNAS!;#SAKNAS!;#SAKNAS!;#SAKNAS!;#SAKNAS!;;;;;;
SHORT;;;;;;#SAKNAS!;;;#SAKNAS!;;;;#SAKNAS!;;;;#SAKNAS!;#SAKNAS!;#SAKNAS!;;#SAKNAS!;n.m.;#SAKNAS!;#SAKNAS!;#SAKNAS!;#SAKNAS!;#SAKNAS!;#SAKNAS!;#SAKNAS!;#SAKNAS!;#SAKNAS!;#SAKNAS!;#SAKNAS!;#SAKNAS!;#SAKNAS!;;;;;;
E Q U I T Y;;;;;;#SAKNAS!;;;#SAKNAS!;;;;#SAKNAS!;;;;#SAKNAS!;#SAKNAS!;#SAKNAS!;EXPOSURE;JK;WG;MH;EE;TOTAL;JK;WG;MH;EE;TOTAL;;;;;;;;;;;
OUTPOST24;;;INGEN;PREVCLOSE;0;n.m.;0;1,00;#SAKNAS!;JK;435,68;57 382;24 999 926;n.m.;;;#SAKNAS!;#SAKNAS!;0;;;;;;;;;;;;#SAKNAS!;#SAKNAS!;n.m.;n.m.;#SAKNAS!;;;;;;
ACQ SPAC;;;SSE;LAST;#SAKNAS!;#SAKNAS!;#SAKNAS!;1,00;#SAKNAS!;JK;#SAKNAS!;490 000;#SAKNAS!;n.m.;;;#SAKNAS!;#SAKNAS!;#SAKNAS!;#SAKNAS!;;;;;;;;;;;;;;;;;;;;;
F U N D S;;;;Price;Accrued;Calc Accr;;;;;0,000;;#SAKNAS!;0;;;#SAKNAS!;#SAKNAS!;#SAKNAS!;Eq long;#SAKNAS!;#SAKNAS!;#SAKNAS!;#SAKNAS!;#SAKNAS!;#SAKNAS!;#SAKNAS!;#SAKNAS!;#SAKNAS!;#SAKNAS!;;;;;;;;;;;
BMW FRN 230619;;;SSE;100,586;8 347;#SAKNAS!;;1,0;;JK;100,586;20 000 000;20 125 547;20 072 373;;;#SAKNAS!;;53 173;;;;;;;;;;;;;;;;;;;;;;
CATB FRN 250317;;;SSE;100,559;68 366;#SAKNAS!;;1,0;;JK;100,559;20 000 000;20 180 166;20 137 012;;;#SAKNAS!;;43 153;;;;;;;;;;;;;;;;;;;;;;
CATME HO1;;;SOX;92,140;0;#SAKNAS!;;1,0;;MH;92,140;10 555 500;9 725 838;9 908 045;;;#SAKNAS!;;-182 207;;;;;;;;;;;;;;#REFERENS!;;#REFERENS!;;;;;;
GETINGE FRN 210521;;;SSE;100,085;48 249;#SAKNAS!;;1,0;;JK;100,085;24 000 000;24 068 649;24 062 113;;;#SAKNAS!;;6 536;;;;;;;;;;;;;;;;;;;;;;
LIFCOB FRN 211206;;;SSE;100,134;15 711;#SAKNAS!;;1,0;;JK;100,134;32 000 000;32 058 591;32 054 804;;;#SAKNAS!;;3 787;;;;;;;;;;;;;;;;;;;;;;
LIFCOB FRN 230302;;;SSE;100,724;8 801;#SAKNAS!;;1,0;;JK;100,724;8 000 000;8 066 721;8 063 265;;;#SAKNAS!;;3 456;;;;;;;;;;;;;;;;;;;;;;
SBAB FRN 210617;;;SSE;100,821;1 034 958;#SAKNAS!;;1,0;;JK;100,821;25 000 000;26 240 208;26 226 858;;;#SAKNAS!;;13 350;;;;;;;;;;;;;;;;;;;;;;
SCANIA FRN 220822;;;SSE;100,352;42 671;#SAKNAS!;;1,0;;JK;100,352;50 000 000;50 218 671;50 201 221;;;#SAKNAS!;;17 450;;;;;;;;;;;;;;;;;;;;;;
SFSS FRN 240630;;;SSE;104,360;27 891;#SAKNAS!;;1,0;;JK;104,360;12 500 000;13 072 891;13 109 953;;;#SAKNAS!;;-37 063;;;;;;;;;;;;;;;;;;;;;;
STERV FRN 240220;;;SSE;102,504;155 384;#SAKNAS!;;1,0;;JK;102,504;80 000 000;82 158 584;82 086 931;;;#SAKNAS!;;71 653;;;;;;;;;;;;;;;;;;;;;;
TELIA FRN 221004;;;SSE;102,807;26 418;#SAKNAS!;;1,0;;JK;102,807;55 000 000;56 570 268;56 937 164;;;#SAKNAS!;;33 104;;;;;;;;;;;;;;;;;;;;;;
TELNO FRN 210920;;;SSE;100,143;19 688;#SAKNAS!;;1,0;;JK;100,143;75 000 000;75 126 938;75 120 188;;;#SAKNAS!;;6 750;;;;;;;;;;;;;;;;;;;;;;
VW FRN 210416;;;SSE;100,001;47 250;#SAKNAS!;;1,0;;JK;100,001;30 000 000;30 047 550;30 043 200;;;#SAKNAS!;;4 350;;;;;;;;;;;;;;;;;;;;;;
SHOTSS;;;SSE;95,392;0;8 125;;1,0;;WG;95,392;7 500 000;7 154 400;6 864 975;;;#SAKNAS!;;289 425;;;;;;;;;;;;;;;;;;;;;;
B O N D S;;;;;;;;;;;;;454 815 021;;;;#SAKNAS!;;326 918;Eq short;#SAKNAS!;#SAKNAS!;#SAKNAS!;#SAKNAS!;#SAKNAS!;#SAKNAS!;#SAKNAS!;#SAKNAS!;#SAKNAS!;#SAKNAS!;;;;;;;;;;;
AMBEA CERT 210714;;;SSE;99,85317;0;;;1,0;;;99,853;50 000 000;49 926 585;49 917 113;;;#SAKNAS!;;9 473;;;;;;;;;;;;;;;;;;;;;;
BRAVIDA CERT 210630;;;SSE;99,90136;0;;;1,0;;;99,901;50 000 000;49 950 681;49 943 190;;;#SAKNAS!;;7 491;;;;;;;;;;;;;;;;;;;;;;
FC HEXAGON 210519;;;SSE;99,95919;0;;;1,0;;;99,959;50 000 000;49 979 596;49 979 596;;;#SAKNAS!;;0;;;;;;;;;;;;;;;;;;;;;;
FC INTRJ 210712;;;SSE;99,73529;0;;;1,0;;;99,735;50 000 000;49 867 643;49 867 643;;;#SAKNAS!;;0;;;;;;;;;;;;;;;;;;;;;;
FC SSAB 210823;;;SSE;99,79728;0;;;1,0;;;99,797;50 000 000;49 898 641;49 889 496;;;#SAKNAS!;;9 145;;;;;;;;;;;;;;;;;;;;;;
FC VASA 210525;;;SSE;99,98806;0;;;1,0;;;99,988;125 000 000;124 985 079;124 980 916;;;#SAKNAS!;;4 164;;;;;;;;;;;;;;;;;;;;;;
FC WALL 210517;;;SSE;99,97085;0;;;1,0;;;99,971;20 000 000;19 994 170;19 992 171;;;#SAKNAS!;;1 999;;;;;;;;;;;;;;;;;;;;;;
KLARNA CERT 210618;;;SSE;99,87388;0;;;1,0;;;99,874;50 000 000;49 936 939;49 925 645;;;#SAKNAS!;;11 295;;;;;;;;;;;;;;;;;;;;;;
KLÖVERN CERT 210414;;;SSE;99,99529;0;;;1,0;;;99,995;50 000 000;49 997 644;49 983 506;;;#SAKNAS!;;14 138;;;;;;;;;;;;;;;;;;;;;;
KLÖVERN CERT 210616;;;SSE;99,74233;0;;;1,0;;;99,742;50 000 000;49 871 166;49 983 506;;;#SAKNAS!;;-112 340;;;;;;;;;;;;;;;;;;;;;;
C E R T;;;;;;;;;;;;;544 408 146;;;;#SAKNAS!;;57 705;GROSS EQ;#SAKNAS!;#SAKNAS!;#SAKNAS!;#SAKNAS!;#SAKNAS!;#SAKNAS!;#SAKNAS!;#SAKNAS!;#SAKNAS!;#SAKNAS!;;;;;;;;;;;
C A S H;;;;;;;;;;;;;#SAKNAS!;;;;#SAKNAS!;;;NET EQ;#SAKNAS!;#SAKNAS!;#SAKNAS!;#SAKNAS!;#SAKNAS!;#SAKNAS!;#SAKNAS!;#SAKNAS!;#SAKNAS!;#SAKNAS!;;;;;;;;;;;
D E B T & C A S H;;;;;;;;;;;;;#SAKNAS!;;;;#SAKNAS!;#SAKNAS!;#SAKNAS!;ß NET;#SAKNAS!;#SAKNAS!;#SAKNAS!;0,0%;#SAKNAS!;#SAKNAS!;#SAKNAS!;#SAKNAS!;#SAKNAS!;#SAKNAS!;;;;;;;;;;;
;;;;;;;;;;;;;;;;;;;;Unlisted;;;;;#SAKNAS!;#;#;#;#;#;;;;;;;;;;;
MONTH GROSS;;;;;;;;;;IB:;3 178 317 687;UB:;#SAKNAS!;#SAKNAS!;;;GROSS;#SAKNAS!;#SAKNAS!;Bonds;;;;;#SAKNAS!;22;64;44;81;#REFERENS!;;;;;;;;;;;
FIXED FEES;;;;;;;;;;;;;-2 648 598,1;#SAKNAS!;;;;;;GROSS;#SAKNAS!;#SAKNAS!;#SAKNAS!;#SAKNAS!;#SAKNAS!;;VOL 30D:;MCAP:;DKK;#SAKNAS!;;;;;;;;;;;
MONTH PRE PERF FEES;;;;;;;;;;;;;#SAKNAS!;#SAKNAS!;;;;;;Cert;;;;;#SAKNAS!;LONG;#SAKNAS!;#SAKNAS!;NOK;#SAKNAS!;;;;;;;;;;;
PERF FEES;;;;;;;;;;;;;#SAKNAS!;#SAKNAS!;;;NAV:;#SAKNAS!;#SAKNAS!;Cash;;;;;#SAKNAS!;SHORT;#SAKNAS!;#SAKNAS!;EUR;#SAKNAS!;;;;;;;;;;;
MONTH NET;;;;;;;;;;;;;#SAKNAS!;#SAKNAS!;;;;;;TOTAL;;;;;#SAKNAS!;;;;USD;#SAKNAS!;;;;;;;;;;;
;;;;;;;;;;;;;;;;;;;;;;;;;;;;;;;;;;;;;;;;;
PERFORMANCE;;;;;;;;;;;;;;;;;HURDLE;;;PM;JK;WG;MH;EE;TOT;INDEX;1D;MTD;YTD;LIQ 5D:;;;;;;;;;;;
2021 YTD;;;;;;;;;;;;;;#SAKNAS!;;;SSVX 90;;-0,012%;TRADES;0;0;0;0;0;OMXS30;#SAKNAS!;#SAKNAS!;#SAKNAS!;#SAKNAS!;;;;;;;;;;;
SINCE INCEPTION ;;;;;;;;;;;;;;#SAKNAS!;;;PERF MULTIPLIER;;#SAKNAS!;BPS;#SAKNAS!;#SAKNAS!;#SAKNAS!;#SAKNAS!;#SAKNAS!;CSX;#SAKNAS!;#SAKNAS!;#SAKNAS!;;;;;;;;;;;;
;;;;;;;;;;;;;;;;;;;;;;;;;;;;;;;;;;;;;;;AUM;;
TICKER;;;;;;;;;;;SELECT;ALCUR;TOTAL;SIZE;;;SENAST;DATUM;RAPPA;FX;;;;;;DKK;EUR;NOK;;;;;;;;;10 000;15 000;20 000;25 000;30 000
PNDX B;;;SSE;LAST;;;;;;;-890 366;-294 480;-1 184 846;-0,644%;;;0,6;21-03-16;;LONG;;;;;;#SAKNAS!;#SAKNAS!;#SAKNAS!;lokal fx;;;;;;;Net profit;45,1;76,1;107,1;138,1;169,1
SHOT;;;SSE;LAST;;;;;;;-695 602;-384 915;-1 080 517;-0,565%;;;0,5;21-04-09;;SHORT;;;;;;#SAKNAS!;#SAKNAS!;#SAKNAS!;lokal fx;;;;;;;;;;;;
BMAX;;;SSE;LAST;;;;;;;0;-348 537;-348 537;-0,571%;;;0,5;21-03-24;;CASH;;;;;;-99 553 792;14 703 908;3 160 198;;;;;;;;;;;;;
READ;;;SSE;LAST;;;;;;;-91 707;-90 000;-181 707;-0,495%;;;0,4;20-09-25;;NET;;;;;;#SAKNAS!;#SAKNAS!;#SAKNAS!;;;;;;;;;;;;;
SVOL B;;;SSE;LAST;;;;;;;-94 603;-10 331;-104 934;-0,410%;;;0,4;20-09-24;;LIVE;;;;;;#SAKNAS!;#SAKNAS!;#SAKNAS!;;;;;;;;;;;;;
ENEA;;;SSE;LAST;;;;;;;-17 101;-44 110;-61 211;-0,283%;;;0,2;20-10-08;;YDAY;;;;;;1,373;10,210;1,010;;;;;;;;;;;;;
DUST;;;SSE;LAST;;;;;;;-47 553;-163 856;-211 409;-0,238%;;;0,2;21-03-11;;DIFF;;;;;;#SAKNAS!;#SAKNAS!;#SAKNAS!;;;;;;;;;;;;;
TOKMAN;;;HSS;LAST;;;;;;;0;-134 526;-134 526;-0,229%;;;0,2;21-03-26;;;;;;;;;;#SAKNAS!;;;;;;;;;;;;;
ENENTO;;;HSS;LAST;;;;;;;0;-46 593;-46 593;-0,194%;;;;20-12-10;;;;;;;;;;;;;;;;;;;;;;;
NNIT;;;CSS;LAST;;;;;;;0;-47 553;-47 553;-0,190%;;;;;;TICKER;;SELECT;ALCUR;GROW;TOTAL;SHARE;SENAST;RAPPAD;;;;;;;;;;;;;
TROAX;;;SSE;LAST;;;;;;;-35 719;0;-35 719;-0,060%;;;;21-02-23;;FPIP;;3 516 610;278 032;;3 794 642;7,1363%;5,0%;20-04-07;;;;;;;;;;;;;
COOR;;;SSE;LAST;;;;;;;-159 763;0;0;-0,167%;;;;21-01-18;;MNTR;;11 458 441;1 507 855;2 506 867;15 473 163;8,3219%;;;euron gr, behövs inte;;;;;;;;;;;;
CDON;;;SSE;LAST;;;;;;;-1 102;-7 611;-8 713;-0,145%;;;;;;HUM;;2 810 756;71 042;102 431;2 984 229;5,6158%;5,0%;21-01-05;;;;;;;;;;;;;
BOOZT;;;SSE;LAST;;;;;;;-67 034;-26 111;-93 145;-0,143%;;;;21-03-10;;PRIC B;;6 320 436;779 041;;7 099 477;6,3976%;5,0%;20-05-15;;;;;;;;;;;;;
GRNG;;;SSE;LAST;;;;;;;-10 785;-141 307;-152 092;-0,143%;;;;21-03-10;;PACT;;463 420;37 553;;500 973;5,3673%;5,0%;21-01-26;;;;;;;;;;;;;
JM;;;SSE;LAST;;;;;;;7 714;-95 015;-87 301;-0,125%;;;;20-12-10;;CAT B;;3 293 983;943 553;569 311;4 806 847;5,4408%;5,0%;21-01-25;av kapital;;;;;;;;;;;;
NOBI;;;SSE;LAST;;;;;;;0;-206 819;-206 819;-0,121%;;;;21-03-08;;CAT B;;3 293 983;943 553;569 311;4 806 847;4,8876%;;;av röster;;;;;;;;;;;;
KESKOB;;;HSS;LAST;;;;;;;-53 057;-464 293;-517 350;-0,129%;;;;;;MSAB B;;898 577;;;898 577;4,6869%;;;;;;;;;;;;;;;
LUND B;;;SSE;LAST;;;;;;;-113 204;-116 415;-229 619;-0,093%;;;;21-03-11;;NWG;;1 000 749;120 926;;1 121 675;4,6617%;;20-10-29;;;;;;;;;;;;;
EPR;;;OSS;LAST;;;;;;;0;-150 000;-150 000;-0,090%;;;;;;MEAB B;;;;;0;0,0000%;;;;;;;;;;;;;;;
AXFO;;;SSE;LAST;;;;;;;-86 225;-101 752;-187 977;-0,090%;;;;21-03-03;;INFRA;;1 197 615;251 000;;1 448 615;4,6919%;;;;;;;;;;;;;;;
MSON B;;;SSE;LAST;;;;;;;-52 541;0;-52 541;-0,081%;;;;;;AMBEA;;2 887 034;1 744 762;400 894;5 032 690;5,3190%;;;SEB säkerhet;;;;;;;;;;;;
LIME;;;SSE;LAST;;;;;;;-10 557;0;-10 557;-0,079%;;;;;;BRE2;;57 407 168;;4 183 347;;6,4352%;;;first north, behövs inte;;;;;;;;;;;;
ARJO B;;;SSE;LAST;;;;;;;-16 188;-158 749;-174 937;-0,064%;;;;21-01-20;;JLT;;1 661 119;;;;5,8179%;;;first north, behövs inte;;;;;;;;;;;;
NENT B;;;SSE;LAST;;;;;;;-23 538;-41 939;-65 477;-0,083%;;;;;;NEPA;;423 668;;;;5,3880%;;;first north, behövs inte;;;;;;;;;;;;
SAS;;;SSE;LAST;;;;;;;0;-4 815 843;-4 815 843;-0,066%;;;;21-02-24;;IDUN B;;298 268;;174 419;;4,4414%;;;first north, behövs inte;;;;;;;;;;;;
BEIJ B;;;SSE;LAST;;;;;;;-28 250;-23 400;-51 650;-0,041%;;;;20-05-27;;PAX;;380 854;;400 879;;4,4385%;;;first north, behövs inte;;;;;;;;;;;;
BETS B;;;SSE;LAST;;;;;;;-55 000;-30 000;-85 000;-0,059%;;;;21-01-29;;FLUG B;;111 181;;;;3,7060%;;;;;;;;;;;;;;;
MATAS;;;CSS;LAST;;;;;;;0;-20 432;-20 432;-0,053%;;;;;;;;;;;;;;;;;;;;;;;;;;;
ATT;;;SSE;LAST;;;;;;;0;-30 000;-30 000;-0,019%;;;;21-01-15;;;;;;;;;;;;;;;;;;;;;;;
SAA1V;;;HSS;LAST;;;;;;;0;-80 000;-80 000;-0,049%;;;;;;;;;;;;;;;;;;;;;;;;;;;
CINT;;;SSE;LAST;;;;;;;0;-62 554;-62 554;-0,046%;;;;21-03-19;;;;;;;;;;;;;;;;;;;;;;;
CAST;;;SSE;LAST;;;;;;;-31 980;-19 901;-51 881;-0,019%;;;;;;;;;;;;;;;;;;;;;;;;;;;
ATRLJ B;;;SSE;LAST;;;;;;;22 444;-3 216;19 228;0,014%;;;;;;;;;;;;;;;;;;;;;;;;;;;
VIT B;;;SSE;LAST;;;;;;;-12 946;0;-12 946;-0,039%;;;;;;;;;;;;;;;;;;;;;;;;;;;
WIHL;;;SSE;LAST;;;;;;;-35 000;-25 000;-60 000;-0,039%;;;;;;;;;;;;;;;;;;;;;;;;;;;
ELISA;;;HSS;LAST;;;;;;;-19 253;-18 300;-37 553;-0,022%;;;;;;;;;;;;;;;;;;;;;;;;;;;
CTY1S;;;HSS;LAST;;;;;;;0;-119 865;-119 865;-0,067%;;;;21-03-18;;;;;;;;;;;;;;;;;;;;;;;
NENT B;;;SSE;LAST;;;;;;;-23 538;-41 939;-65 477;-0,033%;;;;;;;;;;;;;;;;;;;;;;;;;;;
INDT;;;SSE;LAST;;;;;;;-80 749;-122 887;-203 636;-0,056%;;;;20-04-21;;;;;;;;;;;;;;;;;;;;;;;
EQT;;;SSE;LAST;;;;;;;-103 213;-169 966;-273 179;-0,028%;;;;;;;;;;;;;;;;;;;;;;;;;;;
IVSO;;;SSE;LAST;;;;;;;-12 100;0;-12 100;-0,027%;;;;;;;;;;;;;;;;;;;;;;;;;;;
ICA;;;SSE;LAST;;;;;;;-23 442;-30 000;-53 442;-0,027%;;;;;;;;;;;;;;;;;;;;;;;;;;;
ORES;;;SSE;LAST;;;;;;;-12 027;0;-12 027;-0,026%;;;;;;;;;;;;;;;;;;;;;;;;;;;
MTG B;;;SSE;LAST;;;;;;;0;0;0;0,000%;;;;21-01-22;;;;;;;;;;;;;;;;;;;;;;;
TOM;;;OSS;LAST;;;;;;;0;-22 200;-22 200;-0,015%;;;;;;;;;;;;;;;;;;;;;;;;;;;
LATO B;;;SSE;LAST;;;;;;;-81 821;-35 000;-116 821;-0,018%;;;;;;;;;;;;;;;;;;;;;;;;;;;
NIBE B;;;SSE;LAST;;;;;;;-56 787;-38 590;-95 377;-0,019%;;;;;;;;;;;;;;;;;;;;;;;;;;;
HMS;;;SSE;LAST;;;;;;;-6 832;0;-6 832;-0,015%;;;;20-11-09;;;;;;;;;;;;;;;;;;;;;;;
INDU A;;;SSE;LAST;;;;;;;0;-82 000;-82 000;-0,019%;;;;;;;;;;;;;;;;;;;;;;;;;;;
INTRUM;;;SSE;LAST;;;;;;;-30 000;-56 190;-86 190;-0,066%;;;;;;;;;;;;;;;;;;;;;;;;;;;
ROCK B;;;CSS;LAST;;;;;;;-3 443;0;-3 443;-0,016%;;;;;;;;;;;;;;;;;;;;;;;;;;;
TYRES;;;HSS;LAST;;;;;;;0;-20 850;-20 850;-0,015%;;;;;;;;;;;;;;;;;;;;;;;;;;;
CATE;;;SSE;LAST;;;;;;;0;0;0;0,000%;;;;;;;;;;;;;;;;;;;;;;;;;;;
MOWI;;;OSS;LAST;;;;;;;-46 655;-27 146;-73 801;-0,014%;;;;;;;;;;;;;;;;;;;;;;;;;;;
DOM;;;SSE;LAST;;;;;;;0;0;0;0,000%;;;;;;;;;;;;;;;;;;;;;;;;;;;
NETC;;;CSS;LAST;;;;;;;-5 995;0;-5 995;-0,012%;;;;;;;;;;;;;;;;;;;;;;;;;;;
DNB;;;OSS;LAST;;;;;;;0;-160 300;-160 300;-0,010%;;;;;;;;;;;;;;;;;;;;;;;;;;;
HPOL B;;;SSE;LAST;;;;;;;0;0;0;0,000%;;;;;;;;;;;;;;;;;;;;;;;;;;;
SINCH;;;SSE;LAST;;;;;;;-15 153;-5 480;-20 633;-0,034%;;;;20-10-06;;;;;;;;;;;;;;;;;;;;;;;
XXL;;;OSS;LAST;;;;;;;-7 406;0;;-0,003%;;;;21-03-15;;;;;;;;;;;;;;;;;;;;;;;
RAY B;;;SSE;LAST;;;;;;;0;0;0;0,000%;;;;20-03-26;;;;;;;;;;;;;;;;;;;;;;;
LIFCO B;;;SSE;LAST;;;;;;;0;0;0;0,000%;;;;;;;;;;;;;;;;;;;;;;;;;;;
FABG;;;SSE;LAST;;;;;;;0;-15 061;-15 061;-0,005%;;;;21-02-15;;;;;;;;;;;;;;;;;;;;;;;
FG;;;SSE;LAST;;;;;;;0;0;0;0,000%;;;;;;;;;;;;;;;;;;;;;;;;;;;
KNOW;;;SSE;LAST;;;;;;;0;0;0;0,000%;;;;21-02-16;;;;;;;;;;;;;;;;;;;;;;;
LEO;;;SSE;LAST;;;;;;;0;-57 247;-57 247;-0,056%;;;;21-02-15;;;;;;;;;;;;;;;;;;;;;;;
ADAPT;;;SSE;LAST;;;;;;;0;0;0;0,000%;;;;;;;;;;;;;;;;;;;;;;;;;;;
ATIC;;;SSE;LAST;;;;;;;0;0;0;0,000%;;;;20-12-03;;;;;;;;;;;;;;;;;;;;;;;
CLA B;;;SSE;LAST;;;;;;;0;0;0;0,000%;;;;20-10-20;;;;;;;;;;;;;;;;;;;;;;;
CTT;;;SSE;LAST;;;;;;;0;0;0;0,000%;;;;20-05-28;;;;;;;;;;;;;;;;;;;;;;;
EOLU B;;;SSE;LAST;;;;;;;0;0;0;0,000%;;;;21-01-11;;;;;;;;;;;;;;;;;;;;;;;
GARO;;;SSE;LAST;;;;;;;0;0;0;0,000%;;;;21-01-29;;;;;;;;;;;;;;;;;;;;;;;
GHP;;;SSE;LAST;;;;;;;0;0;0;0,000%;;;;;;;;;;;;;;;;;;;;;;;;;;;
HOFI;;;SSE;LAST;;;;;;;0;0;0;0,000%;;;;;;;;;;;;;;;;;;;;;;;;;;;
IAR B;;;SSE;LAST;;;;;;;0;0;0;0,000%;;;;;;;;;;;;;;;;;;;;;;;;;;;
INSTAL;;;SSE;LAST;;;;;;;0;0;0;0,000%;;;;20-08-19;;;;;;;;;;;;;;;;;;;;;;;
INWI;;;SSE;LAST;;;;;;;0;-61 047;-61 047;-0,105%;;;;20-04-28;;;;;;;;;;;;;;;;;;;;;;;
ITAB B;;;SSE;LAST;;;;;;;0;0;0;0,000%;;;;;;;;;;;;;;;;;;;;;;;;;;;
JOMA;;;SSE;LAST;;;;;;;0;0;0;0,000%;;;;;;;;;;;;;;;;;;;;;;;;;;;
KID;;;OSS;LAST;;;;;;;0;0;0;0,000%;;;;;;;;;;;;;;;;;;;;;;;;;;;
KNEBV;;;HSS;LAST;;;;;;;0;0;0;0,000%;;;;;;;;;;;;;;;;;;;;;;;;;;;
MEKO;;;SSE;LAST;;;;;;;0;0;0;0,000%;;;;21-01-26;;;;;;;;;;;;;;;;;;;;;;;
MIPS;;;SSE;LAST;;;;;;;0;0;0;0,000%;;;;20-07-24;;;;;;;;;;;;;;;;;;;;;;;
MTRS;;;SSE;LAST;;;;;;;0;0;0;0,000%;;;;;;;;;;;;;;;;;;;;;;;;;;;
MUSTI;;;HSS;LAST;;;;;;;0;0;0;0,000%;;;;20-08-14;;;;;;;;;;;;;;;;;;;;;;;
NMAN;;;SSE;LAST;;;;;;;0;0;0;0,000%;;;;;;;;;;;;;;;;;;;;;;;;;;;
NRC;;;OSS;LAST;;;;;;;0;0;0;0,000%;;;;;;;;;;;;;;;;;;;;;;;;;;;
OEM B;;;SSE;LAST;;;;;;;0;0;0;0,000%;;;;;;;;;;;;;;;;;;;;;;;;;;;
ADDT B;;;SSE;LAST;;;;;;;0;0;0;0,000%;;;;20-10-30;;;;;;;;;;;;;;;;;;;;;;;
VNV;;;SSE;LAST;;;;;;;0;0;0;0,000%;;;;;;;;;;;;;;;;;;;;;;;;;;;
BTS B;;;SSE;LAST;;;;;;;0;0;0;0,000%;;;;;;;;;;;;;;;;;;;;;;;;;;;
HEXA B;;;SSE;LAST;;;;;;;0;26 450;26 450;0,007%;;;;;;;;;;;;;;;;;;;;;;;;;;;
BALD B;;;SSE;LAST;;;;;;;0;26 440;26 440;0,015%;;;;;;;;;;;;;;;;;;;;;;;;;;;
AZA;;;SSE;LAST;;;;;;;0;24 202;24 202;0,016%;;;;;;;;;;;;;;;;;;;;;;;;;;;
CLAS B;;;SSE;LAST;;;;;;;0;0;0;0,000%;;;;21-03-18;;;;;;;;;;;;;;;;;;;;;;;
KAMBI;;;SSE;LAST;;;;;;;0;38 060;38 060;0,123%;;;;;;;;;;;;;;;;;;;;;;;;;;;
SKIS B;;;SSE;LAST;;;;;;;0;54 034;54 034;0,069%;;;;20-10-01;;;;;;;;;;;;;;;;;;;;;;;
SWEC B;;;SSE;LAST;;;;;;;-21 200;110 211;89 011;0,074%;;;;;;;;;;;;;;;;;;;;;;;;;;;
LOOMIS;;;SSE;LAST;;;;;;;0;71 633;71 633;0,095%;;;;20-11-06;;;;;;;;;;;;;;;;;;;;;;;
AAK;;;SSE;LAST;;;;;;;159 488;0;159 488;0,063%;;;;;;;;;;;;;;;;;;;;;;;;;;;
KIND SDB;;;SSE;LAST;;;;;;;0;731 694;731 694;0,318%;;;;;;;;;;;;;;;;;;;;;;;;;;;
HUFV A;;;SSE;LAST;;;;;;;522 452;421 252;943 704;0,447%;;;;;;;;;;;;;;;;;;;;;;;;;;;
NCC B;;;SSE;LAST;;;;;;;305 387;213 328;518 715;0,478%;;;;;;;;;;;;;;;;;;;;;;;;;;;
 PERFORMANCE;;;;;;;;;;;;;;;;;;;;GROSS;JK;WG;MH;EE;TOT;;NAV;0,8;ACC;OMX;;;;;;;;;;;
;;;;;;;;;;;;;;;;;;;;2021-04-01;0,060%;0,001%;0,150%;0,149%;0,360%;;0,200%;0,288%;0,200%;;;;;;;;;;;;
;;;;;;;;;;;;;;;;;;;;2021-04-02;0,000%;0,000%;0,000%;0,000%;0,000%;;0,000%;0,000%;0,000%;;;;;;;;;;;;
;;;;;;;;;;;;;;;;;;;;2021-04-05;0,000%;0,000%;0,000%;0,000%;0,000%;;0,000%;0,000%;0,000%;;;;;;;;;;;;
;;;;;;;;;;;;;;;;;;;;2021-04-06;-0,001%;0,058%;0,146%;0,041%;0,244%;;0,212%;0,195%;0,212%;;;;;;;;;;;;
;;;;;;;;;;;;;;;;;;;;2021-04-07;0,013%;0,120%;0,186%;0,114%;0,433%;;0,338%;0,346%;0,338%;;;;;;;;;;;;
;;;;;;;;;;;;;;;;;;;;2021-04-08;0,005%;-0,023%;-0,013%;0,062%;0,032%;;0,042%;0,026%;0,042%;;;;;;;;;;;;
;;;;;;;;;;;;;;;;;;;;2021-04-09;-0,002%;0,060%;0,058%;0,033%;0,150%;;0,103%;0,120%;0,103%;;;;;;;;;;;;
;;;;;;;;;;;;;;;;;;;;2021-04-12;-0,018%;-0,044%;-0,021%;0,100%;0,016%;;0,008%;0,013%;0,008%;;;;;;;;;;;;
;;;;;;;;;;;;;;;;;;;;2021-04-13;#SAKNAS!;#SAKNAS!;#SAKNAS!;#SAKNAS!;#SAKNAS!;;#SAKNAS!;#SAKNAS!;#SAKNAS!;;;;;;;;;;;;
;;;;;;;;;;;;;;;;;;;;2021-04-14;;;;;0,000%;;#SAKNAS!;0,000%;#SAKNAS!;;;;;;;;;;;;
;;;;;;;;;;;;;;;;;;;;2021-04-15;;;;;0,000%;;#SAKNAS!;0,000%;#SAKNAS!;;;;;;;;;;;;
;;;;;;;;;;;;;;;;;;;;2021-04-16;;;;;0,000%;;#SAKNAS!;0,000%;#SAKNAS!;;;;;;;;;;;;
;;;;;;;;;;;;;;;;;;;;2021-04-19;;;;;0,000%;;#SAKNAS!;0,000%;#SAKNAS!;;;;;;;;;;;;
;;;;;;;;;;;;;;;;;;;;2021-04-20;;;;;0,000%;;#SAKNAS!;0,000%;#SAKNAS!;;;;;;;;;;;;
;;;;;;;;;;;;;;;;;;;;2021-04-21;;;;;0,000%;;#SAKNAS!;0,000%;#SAKNAS!;;;;;;;;;;;;
;;;;;;;;;;;;;;;;;;;;2021-04-22;;;;;0,000%;;#SAKNAS!;0,000%;#SAKNAS!;;;;;;;;;;;;
;;;;;;;;;;;;;;;;;;;;2021-04-23;;;;;0,000%;;#SAKNAS!;0,000%;#SAKNAS!;;;;;;;;;;;;
;;;;;;;;;;;;;;;;;;;;2021-04-26;;;;;0,000%;;#SAKNAS!;0,000%;#SAKNAS!;;;;;;;;;;;;
;;;;;;;;;;;;;;;;;;;;2021-04-27;;;;;0,000%;;#SAKNAS!;0,000%;#SAKNAS!;;;;;;;;;;;;
;;;;;;;;;;;;;;;;;;;;2021-04-28;;;;;0,000%;;#SAKNAS!;0,000%;#SAKNAS!;;;;;;;;;;;;
;;;;;;;;;;;;;;;;;;;;2021-04-29;;;;;0,000%;;#SAKNAS!;0,000%;#SAKNAS!;;;;;;;;;;;;
;;;;;;;;;;;;;;;;;;;;2021-04-30;;;;;0,000%;;#SAKNAS!;0,000%;#SAKNAS!;;;;;;;;;;;;
;;;;;;;;;;;;;;;;;;;;;;;;;;;;;;;;;;;;;;;;;
;;;;;;;;;;;;;;;;;;;;APR;#SAKNAS!;#SAKNAS!;#SAKNAS!;#SAKNAS!;#SAKNAS!;;#SAKNAS!;;;;;;;;;;;;;;
;;;;;;;;;;;;;;;;;;;;;;;;;#SAKNAS!;;;;;;;;;;;;;;;;
;;;;;;;;;;;;;;;;;;;;;;;;;#SAKNAS!;;;;;;;;;;;;;;;;
  BONDS;;;;;;;;;;PM;PRICE;NOMINAL;ACCRUED;VALUE;;;INTEREST;;COUPONS;INT DATE;DAYS;FÖRFALL;DAYS;;RETURN;YIELD;MONTH;3M STIB;;;;;;;;;;;;;
BMW;;;SSE;;;;;;;;100,586;20 000 000;#SAKNAS!;#SAKNAS!;;;#SAKNAS!;;2021-06-19;2021-03-19;32;2023-06-19;778;;#SAKNAS!;#SAKNAS!;#SAKNAS!;#SAKNAS!;;;;;;;;;;;;;
CATELLA 250317;;;SSE;;;;;;;;100,559;20 000 000;#SAKNAS!;#SAKNAS!;;;#SAKNAS!;;2021-06-17;2021-03-17;34;2025-03-17;1 406;;#SAKNAS!;#SAKNAS!;#SAKNAS!;#SAKNAS!;;;;;;;;;;;;;
CTME HO1;;;SSE;;;;;;;;92,140;10 555 500;#SAKNAS!;#SAKNAS!;;;#SAKNAS!;;2021-04-10;2021-01-10;101;2022-07-10;439;;#SAKNAS!;#SAKNAS!;#SAKNAS!;#SAKNAS!;;;;;;;;;;;;;
GETINGE;;;SSE;;;;;;;;100,085;24 000 000;#SAKNAS!;#SAKNAS!;;;#SAKNAS!;;2021-05-21;2021-02-21;60;2021-05-21;30;;#SAKNAS!;#SAKNAS!;#SAKNAS!;#SAKNAS!;;;;;;;;;;;;;
LIFCO;;;SSE;;;;;;;;100,134;32 000 000;#SAKNAS!;#SAKNAS!;;;#SAKNAS!;;2021-06-07;2021-03-06;45;2021-12-06;225;;#SAKNAS!;#SAKNAS!;#SAKNAS!;#SAKNAS!;;;;;;;;;;;;;
LIFCO;;;SSE;;;;;;;;100,724;8 000 000;#SAKNAS!;#SAKNAS!;;;#SAKNAS!;;2021-06-02;2021-03-02;49;2023-03-02;671;;#SAKNAS!;#SAKNAS!;#SAKNAS!;#SAKNAS!;;;;;;;;;;;;;
SBAB PRP;;;SSE;;;;;;;;100,821;25 000 000;#SAKNAS!;#SAKNAS!;;;#SAKNAS!;;2021-06-17;2020-06-17;304;2021-06-17;56;;#SAKNAS!;#SAKNAS!;#SAKNAS!;#SAKNAS!;;;;;;;;;;;;;
SCANIA;;;SSE;;;;;;;;100,352;50 000 000;#SAKNAS!;#SAKNAS!;;;#SAKNAS!;;2021-05-22;2021-02-22;59;2022-08-22;481;;#SAKNAS!;#SAKNAS!;#SAKNAS!;#SAKNAS!;;;;;;;;;;;;;
STILLFRONT;;;SSE;;;;;;;;104,360;12 500 000;#SAKNAS!;#SAKNAS!;;;#SAKNAS!;;2021-06-26;2021-03-26;25;2024-06-30;1 149;;#SAKNAS!;#SAKNAS!;#SAKNAS!;#SAKNAS!;;;;;;;;;;;;;
STORA ENSO;;;SSE;;;;;;;;102,504;80 000 000;#SAKNAS!;#SAKNAS!;;;#SAKNAS!;;2021-05-20;2021-02-20;61;2024-02-20;1 019;;#SAKNAS!;#SAKNAS!;#SAKNAS!;#SAKNAS!;;;;;;;;;;;;;
TELIA PRP;;;SSE;;;;;;;;102,807;55 000 000;#SAKNAS!;#SAKNAS!;;;#SAKNAS!;;2021-04-04;2021-01-04;107;2022-10-04;523;;#SAKNAS!;#SAKNAS!;#SAKNAS!;#SAKNAS!;;;;;;;;;;;;;
TELENOR ;;;SSE;;;;;;;;100,143;75 000 000;#SAKNAS!;#SAKNAS!;;;#SAKNAS!;;2021-06-20;2021-03-20;31;2021-09-20;149;;#SAKNAS!;#SAKNAS!;#SAKNAS!;#SAKNAS!;;;;;;;;;;;;;
VW;;;SSE;;;;;;;;100,001;30 000 000;#SAKNAS!;#SAKNAS!;;;#SAKNAS!;;2021-04-18;2021-01-18;93;2021-04-16;-5;;#SAKNAS!;#SAKNAS!;#SAKNAS!;#SAKNAS!;;;;;;;;;;;;;
SHOTSS;;;SSE;;;;;;;;95,392;7 500 000;8 125;7 162 525;;;3,00%;;2021-10-08;2021-04-08;13;2024-10-08;1 247;;1 124 975;4,33%;18 750;#SAKNAS!;;;;;;;;;;;;;
TOTAL B O N D S;;;;;;;;;;;;449 555 500;#SAKNAS!;#SAKNAS!;;;;;;;;;417;;#SAKNAS!;#SAKNAS!;#SAKNAS!;;;;;;;;;;;;;;
;;;;;;;;;;;;;;;;;;;;;;;;;;;;;;;;;;;;;;;;;
;;;;;;;;;;;;;;;;;;;;;;;;;;;;;;;;;;;;;;;;;
;;;;;;;;;;;;;;;;;;;;;;;;;;;;;;;;;;;;;;;;;
;;;;;;;;;;;;;;;;;;;;;;;;;;;;;;;;;;;;;;;;;
;;;;;;;;;;;;;;;;;;;;;;;;;;;;;;;;;;;;;;;;;
;;;;;;;;;;;;;;;;;;;;;;;;;;;;;;;;;;;;;;;;;
;;;;;;;;;;;;;;;;;;;;;;;;;;;;;;;;;;;;;;;;;
;;;;;;;;;;;;;;;;;;;;;;;;;;;;;;;;;;;;;;;;;
;;;;;;;;;;;;;;;;;;;;;;;;;;;;;;;;;;;;;;;;;
;;;;;;;;;;;;;;;;;;;;;;;;;;;;;;;;;;;;;;;;;
;;;;;;;;;;;;;;;;;;;;;;;;;;;;;;;;;;;;;;;;;
;;;;;;;;;;;;;;;;;;;;;;;;;;;;;;;;;;;;;;;;;
;;;;;;;;;;;;;;;;;;;;;;;;;;;;;;;;;;;;;;;;;
;;;;;;;;;;;;;;;;;;;;;;;;;;;;;;;;;;;;;;;;;
;;;;;;;;;;;;;;;;;;;;;;;;;;;;;;;;;;;;;;;;;
;;;;;;;;;;;;;;;;;;;;;;;;;;;;;;;;;;;;;;;;;