; ;;;;;;2017-12-28;;2017-12-28;;;;;;;;;;;;;;;;;;;;;;;;;;;;;;;;;;;;;;;;;;;;
;;;;;;;;;;;;;;;;;;OMX:;+0,07%;;;;;JK:;WG:;MH:;EE:;TOT:;;;;;;;;;;;;;;;;;;;;;;;;;
;;;;;;;;;;;;;;;-0,007803263;;;;;;;;;;;;;;;;;;11:37:06;;;;;;;;;;;;;;;;;;;;
;;;;;;;;;;;;;;;;;;CSX:;+0,39%;;;;;0,034%;0,022%;0,037%;0,039%;0,132%;;;;;;;;;;MOM;MOM;VOL;VOL;MCAP;;;;;;;;;;;
;;;;;;;;;;;;;;;;;;;;;;;;;;;;;;;;;;;;;;;;;;;;;;;;;;;;;
;;;;;;;;;;;;;;;;;;;;;;;;;;;;;;;;;;;;;;;;;;;;;;;;;;;;;
;;;;;;;;;;;;;2021-04-12;;;;;;;;;;;;;;;;;;;;;;;;;L/S ;PORTO;L/S ;PORTO;L/S ;;;;;;;;;;;
;TICKER;;;Market;Price;MarketCap;5 days;ADV;Beta 2Y; Net;PM;PRICE;VOLUME;VALUE;SIZE;;;WEIGHT;% 1D; SEK 1D;;; 1D; 1D;DPS;DIV; 1W; MTD; 1M; 3M; 6M;VOL 30D;MOM;;;;;WEIGHT;WEIGHT;WEIGHT;WEIGHT;WEIGHT;;;;;;;;;;;
;;;;;;;;;;;;;;;;;;;;;;;;;;;;;;;;;;;;;;;;;;;;;;;;;;;;;
;ABSO;;;SSE;LAST;4 562 350 104;7 678 314;947;0,80;0,2%;EE;403,00;20 000;8 060 000;0,18%;;;0,3%;-0,01%;-180 000;;;-9,00;-2,2%;0,00;0;1%;2%;1%;-4%;-2%;27;-0,6 ;;;;;0,00;0,00;0,11;0,07;0,0;;;;;;;;;;;
;ADMCM; ;;HSS;LAST;504 596 275;3 659 965;5 200;1,50;0,2%;WG;102,40;4 591;4 765 578;0,09%;;;0,1%;0,00%;148 924;;;3,20;3,2%;0,00;0;6%;7%;13%;-1%;-5%;30;4,9 ;;;;;0,01;0,01;0,07;0,04;0,0;;;;;;;;;;;
;ADMCM; ;;HSS;LAST;504 596 275;0;5 200;1,50;0,2%;JK;102,40;4 135;4 292 239;0,08%;;;0,1%;0,00%;134 132;;;3,20;3,2%;0,00;0;6%;7%;13%;-1%;-5%;30;4,9 ;;;;;0,01;0,01;0,07;0,04;0,0;;;;;;;;;;;
;ADMCM; ;;HSS;LAST;504 596 275;0;5 200;1,50;0,1%;EE;102,40;1 739;1 805 128;0,04%;;;0,1%;0,00%;56 410;;;3,20;3,2%;0,00;0;6%;7%;13%;-1%;-5%;30;4,9 ;;;;;0,00;0,00;0,03;0,02;0,0;;;;;;;;;;;
;AF B;;;SSE;LAST;31 666 572 858;2 857 135;213 248;0,80;0,6%;EE;291,00;83 066;24 172 206;0,08%;;;0,8%;0,00%;-83 066;;;-1,00;-0,3%;0,00;0;1%;13%;17%;25%;30%;15;14,8 ;;;;;0,18;0,11;0,19;0,11;0,4;;;;;;;;;;;
;AF B;;;SSE;LAST;31 666 572 858;0;213 248;0,80;1,0%;MH;291,00;140 000;40 740 000;0,13%;;;1,3%;0,00%;-140 000;;;-1,00;-0,3%;0,00;0;1%;13%;17%;25%;30%;15;14,8 ;;;;;0,31;0,19;0,31;0,19;0,7;;;;;;;;;;;
;AKEL D;;;SSE;PREVCLOSE;346 720 000;11 898 416;462 054;1,30;0,8%;WG;1,58;1 206 828;19 280 130;0,55%;;;0,6%;0,00%;0;;;0,00;0,0%;0,00;0;3%;6%;6%;4%;-0%;8;3,4 ;;;;;0,03;0,02;0,08;0,05;0,0;;;;;;;;;;;
;AMBEA;;;SSE;LAST;7 451 167 185;127 752 713;122 505;0,80;0,7%;WG;78,75;370 000;29 137 500;0,39%;;;0,9%;0,03%;851 000;;;2,30;3,0%;0,00;0;4%;9%;5%;13%;44%;23;12,0 ;;;;;0,18;0,11;0,34;0,20;0,1;;;;;;;;;;;
;AMBEA;;;SSE;LAST;7 451 167 185;0;122 505;0,80;1,6%;MH;78,75;800 000;63 000 000;0,85%;;;2,0%;0,06%;1 840 000;;;2,30;3,0%;0,00;0;4%;9%;5%;13%;44%;23;12,0 ;;;;;0,39;0,23;0,73;0,44;0,2;;;;;;;;;;;
;AMBEA;;;SSE;LAST;7 451 167 185;0;122 505;0,80;0,8%;JK;78,75;394 762;31 087 508;0,42%;;;1,0%;0,03%;907 953;;;2,30;3,0%;0,00;0;4%;9%;5%;13%;44%;23;12,0 ;;;;;0,19;0,12;0,36;0,22;0,1;;;;;;;;;;;
;AMBEA;;;SSE;LAST;7 451 167 185;0;122 505;0,80;0,4%;EE;78,75;180 000;14 175 000;0,19%;;;0,4%;0,01%;414 000;;;2,30;3,0%;0,00;0;4%;9%;5%;13%;44%;23;12,0 ;;;;;0,09;0,05;0,17;0,10;0,1;;;;;;;;;;;
;ANOD B;;;SSE;PREVCLOSE;9 418 049 034;22 228 540;27 886;1,30;1,2%;WG;288,50;104 935;30 273 748;0,32%;;;0,9%;0,00%;0;;;0,00;0,0%;0,00;0;2%;10%;19%;9%;24%;23;12,1 ;;;;;0,19;0,11;0,35;0,21;0,1;;;;;;;;;;;
;ARISE;;;SSE;LAST;2 036 473 227;16 786 190;138 304;1,30;1,0%;MH;54,90;444 063;24 379 059;1,20%;;;0,8%;0,02%;532 876;;;1,20;2,2%;0,00;0;-6%;10%;23%;5%;49%;62;13,2 ;;;;;0,17;0,10;0,77;0,47;0,0;;;;;;;;;;;
;ASSA B;;;SSE;LAST;267 930 040 192;0;1 680 462;1,30;0,4%;JK;253,95;35 000;8 888 250;0,00%;;;0,3%;0,00%;15 750;;;0,45;0,2%;0,00;0;-1%;1%;5%;21%;23%;15;8,9 ;;;;;0,04;0,02;0,07;0,04;1,2;;;;;;;;;;;
;ATCO A;;;SSE;LAST;453 944 327 117;0;1 056 096;0,80;0,1%;JK;540,80;5 000;2 704 000;0,00%;;;0,1%;0,00%;-24 000;;;-4,80;-0,9%;0,00;0;-3%;2%;5%;16%;33%;22;8,5 ;;;;;0,01;0,01;0,03;0,02;0,6;;;;;;;;;;;
;ATRLJ B;;;SSE;LAST;23 531 096 026;0;164 362;1,30;0,1%;WG;182,10;11 784;2 145 866;0,01%;;;0,1%;0,00%;3 535;;;0,30;0,2%;0,00;0;1%;16%;12%;14%;16%;25;9,2 ;;;;;0,01;0,01;0,03;0,02;0,0;;;;;;;;;;;
;AZA;;;SSE;LAST;46 656 652 411;0;511 845;0,80;0,2%;EE;301,10;24 202;7 287 222;0,02%;;;0,2%;0,00%;-87 127;;;-3,60;-1,2%;0,00;0;-6%;11%;9%;28%;74%;39;17,2 ;;;;;0,06;0,04;0,14;0,09;0,2;;;;;;;;;;;
;AZELIO;;;SSE;LAST;6 158 913 413;0;544 794;0,80;0,1%;JK;53,70;87 599;4 704 066;0,08%;;;0,1%;0,00%;17 520;;;0,20;0,4%;0,00;0;-2%;-12%;7%;-12%;29%;68;3,3 ;;;;;0,01;0,00;0,17;0,10;0,0;;;;;;;;;;;
;BALD B;;;SSE;LAST;87 232 161 694;0;257 578;0,80;0,3%;EE;497,70;26 440;13 159 188;0,02%;;;0,4%;0,00%;84 608;;;3,20;0,6%;0,00;0;2%;15%;15%;17%;11%;19;10,4 ;;;;;0,07;0,04;0,13;0,08;0,6;;;;;;;;;;;
;BETCO;;;SSE;LAST;10 985 206 050;0;46 850;1,40;0,5%;EE;234,00;49 202;11 513 268;0,10%;;;0,4%;0,00%;-24 601;;;-0,50;-0,2%;0,00;0;-1%;9%;11%;13%;91%;36;19,2 ;;;;;0,11;0,07;0,21;0,13;0,1;;;;;;;;;;;
;BHG;; ;SSE;LAST;21 561 540 317;0;492 758;0,90;0,2%;JK;178,30;45 000;8 023 500;0,04%;;;0,2%;0,00%;-58 500;;;-1,30;-0,7%;0,00;0;2%;23%;26%;8%;28%;39;14,5 ;;;;;0,06;0,04;0,16;0,10;-0,2;;;;;;;;;;;
;BONEX;; ;SSE;LAST;4 215 476 074;4 375 769;203 821;1,40;0,5%;MH;66,10;167 490;11 071 089;0,26%;;;0,3%;0,00%;-150 741;;;-0,90;-1,3%;0,00;0;11%;10%;10%;-9%;7%;34;6,2 ;;;;;0,04;0,02;0,19;0,12;0,0;;;;;;;;;;;
;BONEX;; ;SSE;LAST;4 215 476 074;0;203 821;1,40;0,3%;EE;66,10;102 530;6 777 233;0,16%;;;0,2%;0,00%;-92 277;;;-0,90;-1,3%;0,00;0;11%;10%;10%;-9%;7%;34;6,2 ;;;;;0,02;0,01;0,12;0,07;0,0;;;;;;;;;;;
;CAT B;;;SSE;LAST;2 814 830 958;27 605 850;101 911;1,40;0,3%;EE;32,80;230 000;7 544 000;0,27%;;;0,2%;0,00%;-34 500;;;-0,15;-0,5%;0,00;0;6%;21%;18%;10%;55%;34;17,9 ;;;;;0,07;0,04;0,13;0,08;0,0;;;;;;;;;;;
;CAT B;;;SSE;LAST;2 814 830 958;0;101 911;1,40;1,0%;WG;32,80;713 553;23 404 538;0,83%;;;0,7%;0,00%;-107 033;;;-0,15;-0,5%;0,00;0;6%;21%;18%;10%;55%;34;17,9 ;;;;;0,22;0,13;0,41;0,25;0,0;;;;;;;;;;;
;CEVI;;;SSE;LAST;8 472 069 494;0;25 475;0,80;0,2%;EE;355,20;26 676;9 475 315;0,11%;;;0,3%;0,00%;-69 358;;;-2,60;-0,7%;0,00;0;-3%;10%;9%;18%;21%;33;8,6 ;;;;;0,04;0,03;0,16;0,10;0,0;;;;;;;;;;;
;CHEMM; ; ;CSS;LAST;16 380 171 676;0;40 272;1,00;0,7%;WG;690,50;24 373;22 941 210;0,14%;;;0,7%;-0,01%;-315 629;;;-9,50;-1,4%;0,00;0;-2%;15%;25%;31%;72%;34;23,7 ;;;;;0,28;0,17;0,40;0,24;0,2;;;;;;;;;;;
;CRAYN;;;OSS;LAST;11 320 351 676;0;78 929;1,50;0,3%;EE;134,80;47 896;6 513 843;n.m.;;;0,2%;0,00%;86 980;;;1,80;1,4%;0,00;0;-1%;0%;1%;11%;25%;38;5,9 ;;;;;0,02;0,01;0,13;0,08;0,0;;;;;;;;;;;
;CSAM;;;OSS;LAST;1 850 106 395;3 409 985;7 419;1,50;0,2%;JK;88,50;45 610;4 072 410;n.m.;;;0,1%;0,00%;-36 813;;;-0,80;-0,9%;0,00;0;-8%;-7%;-7%;-11%;5%;36;-6,3 ;;;;;-0,01;-0,01;0,08;0,05;0,0;;;;;;;;;;;
;CTM;;;SSE;LAST;3 901 119 874;0;1 403 319;0,80;0,1%;EE;55,42;80 585;4 466 021;0,11%;;;0,1%;0,00%;-6 447;;;-0,08;-0,1%;0,00;0;1%;17%;21%;93%;58%;73;34,1 ;;;;;0,08;0,05;0,17;0,10;0,0;;;;;;;;;;;
;CTM;;;SSE;LAST;3 901 119 874;0;1 403 319;1,40;0,8%;WG;55,42;311 674;17 272 973;0,44%;;;0,5%;0,00%;-24 934;;;-0,08;-0,1%;0,00;0;1%;17%;21%;93%;58%;73;34,1 ;;;;;0,30;0,18;0,65;0,39;0,0;;;;;;;;;;;
;EMBRAC B;;;SSE;LAST;115 884 005 588;0;1 577 440;1,40;0,6%;JK;248,10;55 000;13 645 500;0,01%;;;0,4%;-0,01%;-209 000;;;-3,80;-1,5%;0,00;0;-5%;3%;5%;21%;39%;34;9,9 ;;;;;0,07;0,04;0,24;0,14;0,8;;;;;;;;;;;
;EMBRAC B;;;SSE;LAST;115 884 005 588;0;1 577 440;1,40;0,4%;EE;248,10;40 000;9 924 000;0,01%;;;0,3%;0,00%;-152 000;;;-3,80;-1,5%;0,00;0;-5%;3%;5%;21%;39%;34;9,9 ;;;;;0,05;0,03;0,17;0,10;0,6;;;;;;;;;;;
;ERIC B;;;SSE;PREVCLOSE;365 615 094 488;0;6 979 752;1,30;0,2%;EE;119,00;51 700;6 152 300;0,00%;;;0,2%;0,00%;0;;;0,00;0,0%;0,00;0;0%;3%;4%;20%;10%;22;6,6 ;;;;;0,02;0,01;0,07;0,04;1,2;;;;;;;;;;;
;ERIC B;;;SSE;PREVCLOSE;365 615 094 488;0;6 979 752;1,20;0,8%;WG;119,00;170 000;20 230 000;n.m.;;;0,6%;0,00%;0;;;0,00;0,0%;0,00;0;0%;3%;4%;20%;10%;22;6,6 ;;;;;0,07;0,04;0,23;0,14;3,8;;;;;;;;;;;
;ESSITY B;;;SSE;LAST;178 857 758 346;0;1 829 567;0,70;0,3%;EE;279,20;44 707;12 482 194;0,01%;;;0,4%;0,00%;71 531;;;1,60;0,6%;0,00;0;-0%;1%;0%;4%;2%;20;1,1 ;;;;;0,01;0,00;0,13;0,08;1,1;;;;;;;;;;;
;ESSITY B;;;SSE;LAST;178 857 758 346;0;1 829 567;0,70;1,5%;WG;279,20;239 937;66 990 410;0,04%;;;2,1%;0,01%;383 899;;;1,60;0,6%;0,00;0;-0%;1%;0%;4%;2%;20;1,1 ;;;;;0,04;0,02;0,70;0,42;6,2;;;;;;;;;;;
;ESSITY B;;;SSE;LAST;178 857 758 346;0;1 829 567;0,70;0,4%;MH;279,20;65 000;18 148 000;0,01%;;;0,6%;0,00%;104 000;;;1,60;0,6%;0,00;0;-0%;1%;0%;4%;2%;20;1,1 ;;;;;0,01;0,01;0,19;0,12;1,7;;;;;;;;;;;
;FAG;;;SSE;LAST;9 639 290 659;0;176 465;1,40;0,0%;EE;54,40;66;3 590;0,00%;;;0,0%;0,00%;73;;;1,10;2,1%;0,00;0;0%;8%;17%;12%;27%;27;11,6 ;;;;;0,00;0,00;0,00;0,00;0,0;;;;;;;;;;;
;FKRFT;;;OSS;LAST;7 382 604 280;0;304 463;0,70;0,4%;WG;64,60;264 108;17 213 223;0,23%;;;0,5%;0,01%;226 490;;;0,85;1,3%;0,00;0;-5%;-7%;-3%;-15%;-22%;32;-9,0 ;;;;;-0,08;-0,05;0,29;0,17;0,1;;;;;;;;;;;
;FPIP;;;SSE;LAST;2 101 131 545;9 363 601;39 772;1,40;0,5%;WG;39,30;278 032;10 926 658;0,52%;;;0,3%;0,00%;55 606;;;0,20;0,5%;0,00;0;6%;27%;24%;27%;41%;32;21,0 ;;;;;0,12;0,07;0,18;0,11;0,0;;;;;;;;;;;
;GETI B;;;SSE;LAST;69 968 148 287;0;956 310;1,00;0,5%;WG;275,30;63 014;17 347 754;0,02%;;;0,5%;0,00%;81 918;;;1,30;0,5%;0,00;0;3%;14%;15%;39%;55%;16;21,6 ;;;;;0,19;0,12;0,14;0,09;0,6;;;;;;;;;;;
;GTAB B;;;NGM;LAST;839 973 162;0;186 134;1,50;0,1%;MH;11,90;183 352;2 181 889;0,26%;;;0,1%;0,00%;47 672;;;0,26;2,2%;0,00;0;3%;27%;37%;19%;-20%;48;13,1 ;;;;;0,01;0,01;0,05;0,03;0,0;;;;;;;;;;;
;HEXA B;; ;SSE;LAST;298 819 601 219;0;422 064;1,20;0,8%;EE;849,40;26 450;22 466 630;0,01%;;;0,7%;0,00%;-68 770;;;-2,60;-0,3%;0,00;0;-2%;5%;10%;11%;27%;21;8,6 ;;;;;0,10;0,06;0,24;0,15;3,5;;;;;;;;;;;
;HLDX;; ;SSE;LAST;2 670 202 428;0;333 450;0,90;0,3%;EE;54,90;204 931;11 250 712;0,42%;;;0,3%;0,00%;102 466;;;0,50;0,9%;0,00;0;7%;19%;20%;10%;37%;58;16,1 ;;;;;0,09;0,06;0,34;0,20;0,0;;;;;;;;;;;
;HOLM B;;;SSE;LAST;47 703 750 221;0;216 962;0,70;0,3%;WG;406,80;37 419;15 222 049;0,03%;;;0,5%;0,00%;-48 645;;;-1,30;-0,3%;0,00;0;-1%;6%;6%;5%;19%;23;5,0 ;;;;;0,04;0,02;0,18;0,11;0,4;;;;;;;;;;;
;HUFV A;;;SSE;LAST;28 064 756 498;0;484 747;0,70;0,3%;JK;138,25;100 000;13 825 000;0,05%;;;0,4%;0,00%;35 000;;;0,35;0,3%;0,00;0;1%;9%;7%;8%;11%;19;5,7 ;;;;;0,04;0,02;0,13;0,08;0,2;;;;;;;;;;;
;HUFV A;;;SSE;LAST;28 064 756 498;0;484 747;0,70;0,5%;WG;138,25;150 111;20 752 846;0,07%;;;0,6%;0,00%;52 539;;;0,35;0,3%;0,00;0;1%;9%;7%;8%;11%;19;5,7 ;;;;;0,06;0,04;0,20;0,12;0,3;;;;;;;;;;;
;HUFV A;;;SSE;LAST;28 064 756 498;0;484 747;0,70;0,5%;EE;138,25;171 141;23 660 243;0,08%;;;0,7%;0,00%;59 899;;;0,35;0,3%;0,00;0;1%;9%;7%;8%;11%;19;5,7 ;;;;;0,07;0,04;0,23;0,14;0,3;;;;;;;;;;;
;HUM;;;SSE;LAST;4 091 784 928;0;91 631;1,00;0,2%;WG;77,00;71 042;5 470 234;0,13%;;;0,2%;0,00%;63 938;;;0,90;1,2%;0,00;0;2%;5%;8%;29%;41%;20;15,0 ;;;;;0,04;0,03;0,06;0,03;0,0;;;;;;;;;;;
;INDU C;;;SSE;LAST;51 606 136 962;0;388 104;1,40;1,1%;EE;307,00;81 832;25 122 424;0,05%;;;0,8%;0,00%;-32 733;;;-0,40;-0,1%;0,00;0;-6%;0%;0%;12%;27%;29;4,5 ;;;;;0,06;0,04;0,37;0,22;0,7;;;;;;;;;;;
;INFRA;; ;AKTS;LAST;673 075 785;4 663 900;37 060;0,90;0,2%;WG;21,80;251 000;5 471 800;0,81%;;;0,2%;0,00%;-150 600;;;-0,60;-2,7%;0,00;0;-6%;-21%;-12%;35%;90%;51;14,7 ;;;;;0,04;0,02;0,15;0,09;0,0;;;;;;;;;;;
;ISS; ; ;CSS;LAST;30 744 550 195;0;615 955;1,00;2,6%;MH;121,48;503 637;83 396 569;0,27%;;;2,6%;-0,01%;-223 123;;;-0,33;-0,3%;0,00;0;-1%;3%;9%;20%;35%;23;11,6 ;;;;;0,50;0,30;0,98;0,59;1,3;;;;;;;;;;;
;ISS; ; ;CSS;LAST;30 744 550 195;0;615 955;1,00;0,6%;WG;121,48;110 000;18 214 751;0,06%;;;0,6%;0,00%;-48 733;;;-0,33;-0,3%;0,00;0;-1%;3%;9%;20%;35%;23;11,6 ;;;;;0,11;0,07;0,22;0,13;0,3;;;;;;;;;;;
;ISS; ; ;CSS;LAST;30 744 550 195;0;615 955;1,00;0,6%;EE;121,48;114 915;19 028 619;0,06%;;;0,6%;0,00%;-50 910;;;-0,33;-0,3%;0,00;0;-1%;3%;9%;20%;35%;23;11,6 ;;;;;0,11;0,07;0,22;0,14;0,3;;;;;;;;;;;
;ISS; ; ;CSS;LAST;30 744 550 195;0;615 955;1,00;0,3%;JK;121,48;65 000;10 763 262;0,04%;;;0,3%;0,00%;-28 797;;;-0,33;-0,3%;0,00;0;-1%;3%;9%;20%;35%;23;11,6 ;;;;;0,06;0,04;0,13;0,08;0,2;;;;;;;;;;;
;ITECH;;;SSE;LAST;853 836 367;3 443 998;19 637;1,40;0,2%;MH;71,70;67 670;4 851 939;0,57%;;;0,2%;0,00%;-115 039;;;-1,70;-2,3%;0,00;0;-3%;-2%;-3%;-16%;6%;18;-4,2 ;;;;;-0,01;-0,01;0,04;0,03;0,0;;;;;;;;;;;
;KAMBI;;;SSE;LAST;15 495 660 438;0;227 955;1,40;0,4%;EE;501,50;19 524;9 791 286;0,06%;;;0,3%;0,01%;263 574;;;13,50;2,8%;0,00;0;-3%;8%;3%;8%;60%;43;10,2 ;;;;;0,05;0,03;0,22;0,13;0,1;;;;;;;;;;;
;KAMBI;;;SSE;LAST;15 495 660 438;0;227 955;1,40;0,4%;MH;501,50;18 536;9 295 804;0,06%;;;0,3%;0,01%;250 236;;;13,50;2,8%;0,00;0;-3%;8%;3%;8%;60%;43;10,2 ;;;;;0,05;0,03;0,20;0,12;0,1;;;;;;;;;;;
;KAR;;;SSE;LAST;4 970 741 494;0;114 161;1,40;0,2%;WG;50,80;75 087;3 814 420;0,08%;;;0,1%;0,00%;-30 035;;;-0,40;-0,8%;0,00;0;-4%;-3%;2%;-11%;-10%;26;-4,6 ;;;;;-0,01;-0,01;0,05;0,03;0,0;;;;;;;;;;;
;KIND SDB;;;SSE;LAST;35 266 830 342;0;1 347 209;1,40;0,9%;JK;153,25;130 000;19 922 500;0,06%;;;0,6%;0,00%;97 500;;;0,75;0,5%;0,00;0;-0%;-0%;3%;43%;114%;33;26,6 ;;;;;0,27;0,16;0,34;0,21;0,4;;;;;;;;;;;
;KIND SDB;;;SSE;LAST;35 266 830 342;0;1 347 209;1,40;0,4%;WG;153,25;55 690;8 534 493;0,02%;;;0,3%;0,00%;41 768;;;0,75;0,5%;0,00;0;-0%;-0%;3%;43%;114%;33;26,6 ;;;;;0,12;0,07;0,15;0,09;0,2;;;;;;;;;;;
;KIND SDB;;;SSE;LAST;35 266 830 342;0;1 347 209;1,40;3,6%;MH;153,25;546 004;83 675 113;0,24%;;;2,6%;0,01%;409 503;;;0,75;0,5%;0,00;0;-0%;-0%;3%;43%;114%;33;26,6 ;;;;;1,15;0,69;1,44;0,87;1,5;;;;;;;;;;;
;KINV B;; ;SSE;LAST;114 798 962 807;0;613 849;0,90;0,1%;EE;474,55;9 358;4 440 839;0,00%;;;0,1%;0,00%;60 359;;;6,45;1,4%;0,00;0;-1%;12%;12%;14%;26%;22;9,9 ;;;;;0,02;0,01;0,05;0,03;-0,5;;;;;;;;;;;
;LIAB;;;SSE;LAST;14 049 345 870;5 384 522;161 350;1,00;1,1%;WG;178,50;191 515;34 185 428;0,24%;;;1,1%;0,00%;38 303;;;0,20;0,1%;0,00;0;-1%;1%;1%;-4%;12%;28;1,2 ;;;;;0,02;0,01;0,49;0,30;0,2;;;;;;;;;;;
;LMKG;;;SSE;LAST;1 013 807 864;0;115 255;1,00;0,1%;MH;82,20;50 000;4 110 000;0,41%;;;0,1%;0,00%;-30 000;;;-0,60;-0,7%;0,00;0;0%;3%;0%;0%;0%;29;0,1 ;;;;;0,00;0,00;0,06;0,04;0,0;;;;;;;;;;;
;LOOMIS;; ;SSE;LAST;21 281 607 658;0;281 251;1,20;0,1%;WG;282,70;10 550;2 982 485;0,01%;;;0,1%;0,00%;31 650;;;3,00;1,1%;0,00;0;-0%;6%;11%;37%;29%;28;14,8 ;;;;;0,02;0,01;0,04;0,03;0,0;;;;;;;;;;;
;LOOMIS;; ;SSE;LAST;21 281 607 658;0;281 251;1,20;0,6%;EE;282,70;61 083;17 268 164;0,08%;;;0,5%;0,01%;183 249;;;3,00;1,1%;0,00;0;-0%;6%;11%;37%;29%;28;14,8 ;;;;;0,13;0,08;0,25;0,15;0,2;;;;;;;;;;;
;MNTR;;;OSS;PREVCLOSE;1 301 529 810;6 263 360;620 982;1,50;0,5%;WG;7,00;1 507 855;10 648 924;0,81%;;;0,3%;0,00%;0;;;0,00;0,0%;0,00;0;4%;13%;10%;-13%;0%;37;2,0 ;;;;;0,01;0,01;0,20;0,12;0,0;;;;;;;;;;;
;MOCORP;;;HSS;LAST;8 525 981 545;0;1 958 697;1,30;0,6%;EE;10,29;143 750;14 987 201;0,02%;;;0,5%;0,01%;439 586;;;0,29;2,9%;0,10;24 287;6%;8%;13%;19%;52%;30;17,7 ;;;;;0,14;0,08;0,23;0,14;0,1;;;;;;;;;;;
;MRCEL;;;OSS;LAST;4 983 094 842;0;601 354;0,70;0,1%;MH;10,94;500 000;5 518 683;0,11%;;;0,2%;0,00%;131 157;;;0,26;2,4%;0,00;0;-1%;0%;4%;-3%;4%;30;0,8 ;;;;;0,00;0,00;0,09;0,05;0,0;;;;;;;;;;;
;NCC B;;;SSE;LAST;15 236 946 404;0;269 975;1,40;0,7%;WG;159,60;105 055;16 766 778;0,11%;;;0,5%;0,01%;252 132;;;2,40;1,5%;0,00;0;1%;8%;5%;4%;5%;20;3,4 ;;;;;0,03;0,02;0,17;0,10;0,1;;;;;;;;;;;
;NCC B;; ;SSE;LAST;15 236 946 404;0;269 975;1,20;0,6%;EE;159,60;108 273;17 280 371;0,11%;;;0,5%;0,01%;259 855;;;2,40;1,5%;0,00;0;1%;8%;5%;4%;5%;20;3,4 ;;;;;0,03;0,02;0,18;0,11;0,1;;;;;;;;;;;
;NDA SE;;;SSE;LAST;345 096 403 018;0;6 995 666;1,20;0,6%;EE;85,21;200 000;17 042 000;n.m.;;;0,5%;0,00%;72 000;;;0,36;0,4%;0,00;0;-3%;-1%;0%;23%;21%;17;6,8 ;;;;;0,06;0,04;0,15;0,09;3,0;;;;;;;;;;;
;NDA SE;;;SSE;LAST;345 096 403 018;0;6 995 666;1,20;0,9%;WG;85,21;290 000;24 710 900;n.m.;;;0,8%;0,00%;104 400;;;0,36;0,4%;0,00;0;-3%;-1%;0%;23%;21%;17;6,8 ;;;;;0,09;0,05;0,22;0,13;4,4;;;;;;;;;;;
;NDA SE;;;SSE;LAST;345 096 403 018;0;6 995 666;1,20;0,4%;JK;85,21;120 000;10 225 200;n.m.;;;0,3%;0,00%;43 200;;;0,36;0,4%;0,00;0;-3%;-1%;0%;23%;21%;17;6,8 ;;;;;0,04;0,02;0,09;0,05;1,8;;;;;;;;;;;
;NELLY;; ;SSE;LAST;651 649 516;0;163 290;1,20;0,2%;EE;36,15;114 173;4 127 354;0,63%;;;0,1%;0,00%;119 882;;;1,05;3,0%;0,00;0;-7%;7%;13%;0%;21%;48;4,5 ;;;;;0,01;0,01;0,10;0,06;0,0;;;;;;;;;;;
;NOLA B;;;SSE;LAST;20 399 079 204;0;30 872;1,40;0,8%;EE;850,50;22 406;19 056 303;0,09%;;;0,6%;0,01%;212 857;;;9,50;1,1%;0,00;0;-2%;9%;5%;8%;1%;29;2,2 ;;;;;0,02;0,01;0,29;0,17;0,2;;;;;;;;;;;
;NOKIA;;;HSS;LAST;20 170 588 959;0;12 609 343;1,30;0,6%;EE;3,55;431 150;15 532 959;0,01%;;;0,5%;0,01%;198 860;;;0,05;1,3%;0,00;0;1%;4%;5%;-7%;-1%;15;0,2 ;;;;;0,00;0,00;0,12;0,07;0,2;;;;;;;;;;;
;NP3;;;SSE;LAST;8 792 041 463;8 514 356;19 726;1,40;0,5%;EE;161,80;72 349;11 706 068;0,13%;;;0,4%;0,01%;405 154;;;5,60;3,6%;0,00;0;10%;16%;20%;27%;45%;26;21,8 ;;;;;0,13;0,08;0,15;0,09;0,1;;;;;;;;;;;
;NWG;;;SSE;LAST;4 450 711 188;15 398 881;37 599;1,20;0,8%;WG;184,80;120 926;22 347 125;n.m.;;;0,7%;0,01%;169 296;;;1,40;0,8%;0,00;0;2%;10%;13%;19%;42%;31;14,7 ;;;;;0,17;0,10;0,36;0,21;0,1;;;;;;;;;;;
;NYF;;;SSE;LAST;18 542 357 837;0;551 190;1,40;0,6%;EE;100,50;141 933;14 264 267;0,08%;;;0,4%;-0,01%;-184 513;;;-1,30;-1,3%;0,00;0;-3%;12%;13%;24%;28%;24;11,7 ;;;;;0,09;0,05;0,18;0,11;0,1;;;;;;;;;;;
;NYF;; ;SSE;LAST;18 542 357 837;0;551 190;0,80;0,8%;MH;100,50;316 397;31 797 899;0,17%;;;1,0%;-0,01%;-411 316;;;-1,30;-1,3%;0,00;0;-3%;12%;13%;24%;28%;24;11,7 ;;;;;0,19;0,12;0,39;0,24;0,3;;;;;;;;;;;
;PACT;;;SSE;LAST;2 468 812 847;6 012 379;14 822;1,30;0,4%;WG;264,50;37 553;9 932 769;0,40%;;;0,3%;-0,01%;-469 413;;;-12,50;-4,5%;0,00;0;-20%;-10%;-7%;-7%;14%;64;-8,3 ;;;;;-0,04;-0,03;0,33;0,20;0,0;;;;;;;;;;;
;PEXIP;;;OSS;LAST;9 037 302 929;0;269 626;1,50;0,5%;WG;87,05;123 932;10 884 296;n.m.;;;0,3%;0,01%;356 350;;;2,85;3,4%;0,00;0;0%;-9%;-6%;-2%;18%;40;0,7 ;;;;;0,00;0,00;0,22;0,13;0,1;;;;;;;;;;;
;PHO;;;OSS;LAST;3 454 424 758;5 819 508;121 871;0,70;0,5%;MH;128,80;166 655;21 656 204;0,62%;;;0,7%;0,01%;218 580;;;1,30;1,0%;0,00;0;-2%;-5%;1%;27%;48%;32;12,2 ;;;;;0,14;0,08;0,36;0,22;0,0;;;;;;;;;;;
;PIERCE;;;SSE;LAST;3 397 211 480;576 644;79 099;1,30;0,3%;WG;85,60;85 835;7 347 476;0,22%;;;0,2%;0,01%;480 676;;;5,60;7,0%;0,00;0;6%;8%;0%;0%;0%;51;2,3 ;;;;;0,01;0,01;0,19;0,12;0,0;;;;;;;;;;;
;PRIC B;;;SSE;LAST;4 094 289 158;14 761 562;379 756;1,40;1,3%;WG;36,97;779 041;28 801 146;0,70%;;;0,9%;-0,01%;-412 892;;;-0,53;-1,4%;0,00;0;8%;7%;7%;-1%;29%;43;9,3 ;;;;;0,14;0,08;0,63;0,38;0,1;;;;;;;;;;;
;RESURS;;;SSE;LAST;10 248 000 000;0;633 248;1,40;0,6%;WG;51,24;265 355;13 596 790;0,13%;;;0,4%;0,00%;122 063;;;0,46;0,9%;0,00;0;-4%;7%;5%;13%;9%;24;4,3 ;;;;;0,03;0,02;0,17;0,10;0,1;;;;;;;;;;;
;RESURS;;;SSE;LAST;10 248 000 000;0;633 248;1,40;0,6%;EE;51,24;252 677;12 947 169;0,13%;;;0,4%;0,00%;116 231;;;0,46;0,9%;0,00;0;-4%;7%;5%;13%;9%;24;4,3 ;;;;;0,03;0,02;0,16;0,10;0,1;;;;;;;;;;;
;RUG;;;SSE;LAST;3 200 911 560;34 212 785;55 817;1,40;1,3%;MH;154,00;197 978;30 488 612;0,95%;;;0,9%;0,01%;237 574;;;1,20;0,8%;0,00;0;2%;22%;24%;0%;0%;31;7,7 ;;;;;0,12;0,07;0,48;0,29;0,1;;;;;;;;;;;
;RUG;;;SSE;LAST;3 200 911 560;0;55 817;1,40;0,5%;EE;154,00;80 000;12 320 000;0,38%;;;0,4%;0,00%;96 000;;;1,20;0,8%;0,00;0;2%;22%;24%;0%;0%;31;7,7 ;;;;;0,05;0,03;0,19;0,12;0,0;;;;;;;;;;;
;SAVE; ; ;SSE;LAST;41 162 500 000;0;646 549;0,60;0,2%;EE;164,65;62 957;10 365 870;0,03%;;;0,3%;0,00%;103 879;;;1,65;1,0%;0,00;0;-4%;17%;15%;23%;0%;37;7,8 ;;;;;0,04;0,03;0,19;0,12;0,2;;;;;;;;;;;
;SBB B;; ;SSE;LAST;36 238 372 545;0;3 976 304;0,50;0,5%;MH;32,37;1 000 820;32 396 543;0,09%;;;1,0%;0,02%;590 484;;;0,59;1,9%;0,00;0;7%;19%;23%;18%;21%;22;16,0 ;;;;;0,27;0,16;0,36;0,22;0,6;;;;;;;;;;;
;SBB B;; ;SSE;LAST;36 238 372 545;0;3 976 304;0,50;0,0%;WG;32,37;50 000;1 618 500;0,00%;;;0,1%;0,00%;29 500;;;0,59;1,9%;0,00;0;7%;19%;23%;18%;21%;22;16,0 ;;;;;0,01;0,01;0,02;0,01;0,0;;;;;;;;;;;
;SCST;;;SSE;LAST;4 412 867 452;24 979 166;224 025;0,80;1,0%;MH;66,80;597 965;39 944 062;0,91%;;;1,2%;0,01%;179 389;;;0,30;0,5%;0,00;0;-0%;6%;6%;-4%;3%;18;1,5 ;;;;;0,03;0,02;0,38;0,23;0,1;;;;;;;;;;;
;SHB A;; ;SSE;LAST;183 664 755 463;0;4 312 954;0,90;1,2%;WG;94,44;440 250;41 577 210;0,02%;;;1,3%;0,00%;105 660;;;0,24;0,3%;0,00;0;-3%;-0%;0%;11%;21%;17;4,5 ;;;;;0,10;0,06;0,37;0,22;3,9;;;;;;;;;;;
;SECU B; ; ;SSE;LAST;51 204 581 011;0;1 119 853;0,60;0,6%;WG;147,18;202 406;29 789 103;0,06%;;;0,9%;0,00%;116 383;;;0,57;0,4%;0,00;0;-2%;-1%;1%;12%;7%;10;3,3 ;;;;;0,05;0,03;0,15;0,09;0,8;;;;;;;;;;;
;SF;;;SSE;LAST;30 862 739 485;0;1 827 626;1,10;0,2%;WG;86,35;80 000;6 908 000;0,02%;;;0,2%;-0,01%;-176 000;;;-2,20;-2,5%;0,00;0;-7%;7%;7%;-9%;-18%;44;-4,9 ;;;;;-0,02;-0,01;0,16;0,09;0,1;;;;;;;;;;;
;SITOWS;;;HSS;LAST;321 416 573;2 462 540;53 375;1,00;0,2%;MH;9,14;79 953;7 407 801;0,23%;;;0,2%;0,00%;-64 839;;;-0,08;-0,9%;0,00;0;-1%;8%;11%;0%;0%;44;3,2 ;;;;;0,01;0,01;0,17;0,10;0,0;;;;;;;;;;;
;SKF B; ; ;SSE;LAST;95 788 708 169;0;1 854 558;0,60;0,1%;EE;225,90;20 215;4 566 569;0,00%;;;0,1%;0,00%;-64 688;;;-3,20;-1,4%;0,00;0;-12%;-9%;-8%;-3%;19%;35;-4,3 ;;;;;-0,01;-0,01;0,08;0,05;0,2;;;;;;;;;;;
;SKIS B; ; ;SSE;LAST;9 632 446 418;0;110 154;0,60;0,1%;EE;128,90;54 034;6 964 983;0,07%;;;0,2%;0,01%;162 102;;;3,00;2,4%;0,00;0;2%;8%;12%;6%;11%;22;7,1 ;;;;;0,03;0,02;0,08;0,05;0,0;;;;;;;;;;;
;SNI;;;OSS;LAST;8 170 646 120;11 678 072;24 896;0,70;0,3%;WG;127,40;115 752;14 878 051;0,18%;;;0,5%;-0,01%;-163 495;;;-1,40;-1,1%;0,00;0;-2%;1%;1%;2%;37%;26;5,4 ;;;;;0,04;0,03;0,20;0,12;0,1;;;;;;;;;;;
;SSAB B;;;SSE;LAST;33 619 459 754;0;4 129 101;0,80;0,2%;JK;46,33;210 000;9 729 300;0,03%;;;0,3%;0,01%;241 500;;;1,15;2,5%;0,00;0;1%;10%;21%;49%;72%;27;27,2 ;;;;;0,14;0,08;0,13;0,08;0,2;;;;;;;;;;;
;STE R;; ;SSE;LAST;15 533 491 451;0;450 768;1,00;0,8%;WG;167,40;146 640;24 547 536;0,16%;;;0,8%;-0,01%;-219 960;;;-1,50;-0,9%;0,00;0;-1%;3%;1%;6%;23%;28;4,5 ;;;;;0,06;0,03;0,36;0,22;0,2;;;;;;;;;;;
;SWEC B; ; ;SSE;LAST;50 013 404 291;0;228 521;0,60;0,3%;EE;150,60;110 211;16 597 777;0,03%;;;0,5%;0,00%;44 084;;;0,40;0,3%;0,00;0;-0%;6%;6%;6%;-2%;15;2,6 ;;;;;0,02;0,01;0,13;0,08;0,4;;;;;;;;;;;
;TEL2 B; ; ;SSE;LAST;77 129 679 627;0;2 836 676;0,60;0,2%;JK;115,50;85 000;9 817 500;0,01%;;;0,3%;0,00%;-34 000;;;-0,40;-0,3%;0,00;0;-3%;-2%;-0%;-0%;5%;23;-0,4 ;;;;;0,00;0,00;0,12;0,07;0,4;;;;;;;;;;;
;TEL2 B; ; ;SSE;LAST;77 129 679 627;0;2 836 676;0,60;0,2%;EE;115,50;113 296;13 085 688;0,02%;;;0,4%;0,00%;-45 318;;;-0,40;-0,3%;0,00;0;-3%;-2%;-0%;-0%;5%;23;-0,4 ;;;;;0,00;0,00;0,16;0,09;0,5;;;;;;;;;;;
;TELIA;;;SSE;LAST;144 057 276 703;0;13 471 230;1,30;1,2%;WG;35,23;830 190;29 243 443;0,02%;;;0,9%;0,00%;132 830;;;0,16;0,5%;0,00;0;-3%;-7%;-7%;-4%;-3%;22;-4,4 ;;;;;-0,07;-0,04;0,33;0,20;2,2;;;;;;;;;;;
;THUNDR;; ;SSE;LAST;4 345 545 834;24 247 230;186 682;0,80;0,7%;MH;63,00;421 559;26 558 217;0,61%;;;0,8%;-0,01%;-210 780;;;-0,50;-0,8%;0,00;0;4%;15%;21%;-28%;0%;39;2,1 ;;;;;0,03;0,02;0,53;0,32;0,1;;;;;;;;;;;
;THUNDR;; ;SSE;LAST;4 345 545 834;0;186 682;0,80;0,2%;EE;63,00;150 000;9 450 000;0,22%;;;0,3%;0,00%;-75 000;;;-0,50;-0,8%;0,00;0;4%;15%;21%;-28%;0%;39;2,1 ;;;;;0,01;0,01;0,19;0,11;0,0;;;;;;;;;;;
;TIGO SDB;;;SSE;LAST;29 118 205 436;0;414 676;1,30;0,7%;EE;313,25;52 748;16 523 311;0,06%;;;0,5%;0,00%;145 057;;;2,75;0,9%;0,00;0;-5%;-7%;-6%;-2%;10%;18;-2,2 ;;;;;-0,02;-0,01;0,16;0,09;0,2;;;;;;;;;;;
;TREL B;;;SSE;LAST;54 554 393 997;0;724 986;1,30;0,5%;EE;224,90;54 700;12 302 030;0,02%;;;0,4%;0,00%;-32 820;;;-0,60;-0,3%;0,00;0;-3%;1%;1%;16%;34%;22;7,3 ;;;;;0,05;0,03;0,14;0,08;0,3;;;;;;;;;;;
;TREL B;;;SSE;LAST;54 554 393 997;0;724 986;1,30;0,4%;WG;224,90;40 000;8 996 000;0,02%;;;0,3%;0,00%;-24 000;;;-0,60;-0,3%;0,00;0;-3%;1%;1%;16%;34%;22;7,3 ;;;;;0,03;0,02;0,10;0,06;0,3;;;;;;;;;;;
;TREL B;;;SSE;LAST;54 554 393 997;0;724 986;1,30;0,4%;MH;224,90;40 854;9 188 065;0,02%;;;0,3%;0,00%;-24 512;;;-0,60;-0,3%;0,00;0;-3%;1%;1%;16%;34%;22;7,3 ;;;;;0,03;0,02;0,10;0,06;0,3;;;;;;;;;;;
;VOLO;;;SSE;LAST;9 655 839 034;3 404 645;37 998;1,30;0,3%;MH;121,60;65 997;8 025 235;0,08%;;;0,2%;0,00%;131 994;;;2,00;1,7%;0,00;0;5%;15%;24%;2%;51%;49;17,1 ;;;;;0,07;0,04;0,20;0,12;0,0;;;;;;;;;;;
;WRT1V;;;HSS;LAST;6 571 088 246;0;2 693 725;1,30;0,3%;EE;11,11;65 000;7 317 122;0,01%;;;0,2%;0,00%;46 123;;;0,07;0,6%;0,00;0;21%;24%;27%;32%;49%;57;29,1 ;;;;;0,11;0,07;0,21;0,13;0,0;;;;;;;;;;;
;WAWI;;;OSS;LAST;11 669 233 694;0;270 225;1,50;0,3%;EE;27,58;206 171;5 736 803;n.m.;;;0,2%;0,00%;16 640;;;0,08;0,3%;0,00;0;-1%;-0%;-0%;21%;54%;27;12,0 ;;;;;0,04;0,02;0,08;0,05;0,0;;;;;;;;;;;
;LONG;;;;;;409 440 028;;;62,0%;;;;1 943 000 784;;;;60,3%;0,265%;8 558 979;;;;0,44%;n.m.;24 287;0,0%;6,4%;8,2%;12,0%;25,4%;27,0;9,3;;;;;9,3;5,6;27,0;16,3;53,6;;;;;;;;;;;
;;;;;;;;;;;;;;;;;;;;;;;;;;;;;;;;;;;;;;;;;;;;;;;;;;;;;
;ABB;;;SSE;LAST;138 568 713 583;0;1 291 170;0,70;-0,7%;EE;272,40;-117 147;-31 910 843;-0,02%;;;-1,0%;0,01%;222 579;;;-1,90;-0,7%;0,00;0;-3%;3%;3%;10%;19%;22;4,5 ;;;;;0,13;-0,04;0,64;-0,21;4,1;;;;;;;;;;;
;ACAD;; ;SSE;LAST;9 650 283 504;0;121 819;1,20;-0,1%;WG;91,60;-31 729;-2 906 376;-0,03%;;;-0,1%;0,00%;-25 383;;;0,80;0,9%;0,00;0;2%;12%;11%;15%;26%;24;11,2 ;;;;;0,03;-0,01;0,07;-0,02;0,0;;;;;;;;;;;
;ALFA;; ;SSE;LAST;122 565 135 243;0;975 169;1,20;-0,8%;EE;292,20;-73 300;-21 418 260;-0,02%;;;-0,7%;0,00%;-73 300;;;1,00;0,3%;0,00;0;4%;11%;9%;26%;52%;25;16,8 ;;;;;0,33;-0,11;0,50;-0,17;2,4;;;;;;;;;;;
;ARJO B;;;SSE;LAST;19 163 088 924;0;569 853;1,20;-0,4%;EE;75,40;-158 749;-11 969 675;-0,06%;;;-0,4%;0,00%;-103 187;;;0,65;0,9%;0,00;0;7%;16%;15%;23%;28%;26;15,7 ;;;;;0,17;-0,06;0,29;-0,10;0,2;;;;;;;;;;;
;ATRLJ B;; ;SSE;LAST;23 531 096 026;0;164 362;1,20;-0,1%;JK;182,10;-15 000;-2 731 500;-0,01%;;;-0,1%;0,00%;-4 500;;;0,30;0,2%;0,00;0;1%;16%;12%;14%;16%;25;9,2 ;;;;;0,02;-0,01;0,06;-0,02;0,1;;;;;;;;;;;
;ATT;; ;SSE;LAST;8 279 132 170;0;231 542;1,20;-0,1%;JK;51,30;-30 000;-1 539 000;-0,02%;;;0,0%;0,00%;-1 500;;;0,05;0,1%;0,00;0;1%;3%;3%;12%;17%;22;6,3 ;;;;;0,01;0,00;0,03;-0,01;0,0;;;;;;;;;;;
;AXFO;; ;SSE;LAST;44 744 435 798;0;319 239;0,70;-0,4%;WG;213,20;-76 752;-16 363 526;-0,04%;;;-0,5%;-0,01%;-191 880;;;2,50;1,2%;0,00;0;2%;2%;2%;6%;-1%;13;2,3 ;;;;;0,03;-0,01;0,20;-0,07;0,7;;;;;;;;;;;
;AXFO;; ;SSE;LAST;44 744 435 798;0;319 239;0,70;-0,1%;JK;213,20;-25 000;-5 330 000;-0,01%;;;-0,2%;0,00%;-62 500;;;2,50;1,2%;0,00;0;2%;2%;2%;6%;-1%;13;2,3 ;;;;;0,01;0,00;0,06;-0,02;0,2;;;;;;;;;;;
;BEIJ B;; ;SSE;LAST;47 668 011 961;0;195 452;1,20;-0,1%;WG;134,66;-23 400;-3 151 044;-0,01%;;;-0,1%;0,00%;15 912;;;-0,68;-0,5%;0,00;0;-3%;5%;11%;11%;50%;383;11,9 ;;;;;0,03;-0,01;1,12;-0,37;0,1;;;;;;;;;;;
;BETS B;; ;SSE;LAST;9 702 374 616;0;706 841;1,20;-0,1%;JK;79,20;-30 000;-2 376 000;-0,02%;;;-0,1%;0,00%;-16 500;;;0,55;0,7%;0,00;0;-6%;-2%;2%;-2%;8%;30;-0,8 ;;;;;0,00;0,00;0,07;-0,02;0,0;;;;;;;;;;;
;BMAX;;;SSE;LAST;4 459 030 190;0;746 881;0,80;-0,6%;EE;73,10;-348 537;-25 478 055;-0,57%;;;-0,8%;0,00%;-139 415;;;0,40;0,6%;0,00;0;-5%;-4%;13%;35%;50%;48;16,6 ;;;;;0,39;-0,13;1,13;-0,38;0,1;;;;;;;;;;;
;BOOZT;;;SSE;LAST;13 044 239 974;0;302 554;0,80;-0,1%;EE;204,80;-26 111;-5 347 533;-0,04%;;;-0,2%;0,00%;-73 111;;;2,80;1,4%;0,00;0;-6%;12%;17%;24%;29%;57;12,2 ;;;;;0,06;-0,02;0,28;-0,09;0,1;;;;;;;;;;;
;BRAV;;;SSE;LAST;26 437 564 606;0;165 172;1,40;-0,3%;WG;130,25;-50 000;-6 512 500;-0,02%;;;-0,2%;0,00%;-117 500;;;2,35;1,8%;0,00;0;-1%;8%;12%;27%;16%;24;11,1 ;;;;;0,07;-0,02;0,14;-0,05;-0,1;;;;;;;;;;;
;CAST;;;SSE;LAST;58 779 737 132;0;816 484;0,80;-0,1%;MH;212,00;-19 901;-4 219 012;-0,01%;;;-0,1%;0,00%;-15 921;;;0,80;0,4%;0,00;0;2%;10%;5%;5%;6%;20;4,1 ;;;;;0,02;-0,01;0,08;-0,03;0,2;;;;;;;;;;;
;CDON;;;SSE;LAST;3 564 639 645;0;23 271;0,80;-0,1%;EE;595,00;-7 611;-4 528 545;-0,13%;;;-0,1%;0,00%;38 055;;;-5,00;-0,8%;0,00;0;-7%;9%;9%;12%;0%;71;2,5 ;;;;;0,01;0,00;0,30;-0,10;0,0;;;;;;;;;;;
;CINT;;;SSE;LAST;11 340 667 567;0;326 174;0,80;-0,1%;MH;83,00;-62 554;-5 191 982;-0,05%;;;-0,2%;0,00%;37 532;;;-0,60;-0,7%;0,00;0;-2%;1%;6%;0%;0%;26;1,2 ;;;;;0,01;0,00;0,13;-0,04;0,1;;;;;;;;;;;
;CTY1S;;;HSS;LAST;1 314 519 107;0;353 439;1,00;-0,3%;MH;7,39;-119 865;-8 973 281;-0,07%;;;-0,3%;0,00%;-72 904;;;0,06;0,8%;0,00;0;1%;4%;2%;-6%;6%;16;0,7 ;;;;;0,01;0,00;0,13;-0,04;0,0;;;;;;;;;;;
;DNB;; ;OSS;LAST;283 269 964 303;0;1 163 167;1,00;-0,9%;EE;181,10;-160 300;-29 288 700;-0,01%;;;-0,9%;0,00%;-80 863;;;0,50;0,3%;0,00;0;-3%;-0%;2%;8%;29%;15;5,5 ;;;;;0,15;-0,05;0,42;-0,14;7,7;;;;;;;;;;;
;DUST;;;SSE;LAST;9 174 999 587;0;416 044;0,80;-0,1%;WG;103,50;-51 655;-5 346 293;-0,06%;;;-0,2%;0,00%;-61 986;;;1,20;1,2%;0,00;0;-3%;16%;18%;39%;64%;66;21,8 ;;;;;0,11;-0,04;0,32;-0,11;0,0;;;;;;;;;;;
;DUST;;;SSE;LAST;9 174 999 587;0;416 044;0,80;-0,3%;EE;103,50;-112 201;-11 612 804;-0,13%;;;-0,4%;0,00%;-134 641;;;1,20;1,2%;0,00;0;-3%;16%;18%;39%;64%;66;21,8 ;;;;;0,23;-0,08;0,70;-0,24;0,1;;;;;;;;;;;
;ELISA;;;HSS;LAST;7 899 888 796;0;433 098;1,00;-0,3%;WG;47,21;-18 300;-8 757 769;-0,01%;;;-0,3%;0,00%;7 420;;;-0,04;-0,1%;0,00;0;-2%;-8%;-9%;-1%;5%;20;-3,1 ;;;;;-0,03;0,01;0,16;-0,05;0,1;;;;;;;;;;;
;ENEA;;;SSE;LAST;5 490 268 674;8 145 187;12 042;0,80;-0,3%;EE;254,00;-44 110;-11 203 940;-0,20%;;;-0,3%;0,00%;-132 330;;;3,00;1,2%;0,00;0;6%;12%;14%;19%;44%;25;16,9 ;;;;;0,18;-0,06;0,26;-0,09;0,1;;;;;;;;;;;
;ENENTO;;;HSS;LAST;809 974 647;1 056 126;15 254;1,00;-0,5%;MH;33,70;-46 593;-15 916 917;-0,19%;;;-0,5%;0,00%;-47 231;;;0,10;0,3%;0,00;0;-3%;-4%;-6%;1%;-4%;28;-3,3 ;;;;;-0,05;0,02;0,42;-0,14;0,0;;;;;;;;;;;
;EPR;;;OSS;LAST;9 333 560 951;0;308 802;0,70;-0,2%;MH;55,90;-150 000;-8 459 627;-0,09%;;;-0,3%;0,00%;60 534;;;-0,40;-0,7%;0,00;0;0%;9%;15%;19%;19%;19;11,1 ;;;;;0,09;-0,03;0,15;-0,05;0,1;;;;;;;;;;;
;EQT;; ;SSE;LAST;265 024 822 590;0;642 818;1,20;-0,5%;WG;278,10;-50 000;-13 905 000;-0,01%;;;-0,4%;-0,01%;-190 000;;;3,80;1,4%;0,00;0;-7%;-3%;3%;25%;59%;34;12,0 ;;;;;0,15;-0,05;0,44;-0,15;3,4;;;;;;;;;;;
;EQT;; ;SSE;LAST;265 024 822 590;0;642 818;1,20;-1,0%;MH;278,10;-100 000;-27 810 000;-0,01%;;;-0,9%;-0,01%;-380 000;;;3,80;1,4%;0,00;0;-7%;-3%;3%;25%;59%;34;12,0 ;;;;;0,31;-0,10;0,87;-0,29;6,8;;;;;;;;;;;
;EQT;; ;SSE;LAST;265 024 822 590;0;642 818;1,20;-0,2%;EE;278,10;-19 966;-5 552 545;0,00%;;;-0,2%;0,00%;-75 871;;;3,80;1,4%;0,00;0;-7%;-3%;3%;25%;59%;34;12,0 ;;;;;0,06;-0,02;0,17;-0,06;1,4;;;;;;;;;;;
;EVO;; ;SSE;LAST;307 959 092 403;0;734 708;0,90;-0,1%;WG;1450,40;-2 150;-3 118 360;0,00%;;;-0,1%;0,00%;-1 720;;;0,80;0,1%;0,00;0;3%;13%;14%;62%;106%;25;33,6 ;;;;;0,10;-0,03;0,07;-0,02;0,9;;;;;;;;;;;
;FABG;; ;SSE;LAST;43 398 748 493;0;850 215;0,90;-0,1%;WG;131,20;-15 061;-1 976 003;0,00%;;;-0,1%;0,00%;27 110;;;-1,80;-1,4%;0,00;0;-2%;11%;10%;5%;10%;21;4,7 ;;;;;0,01;0,00;0,04;-0,01;0,1;;;;;;;;;;;
;FING B;;;SSE;LAST;10 994 445 998;0;8 922 522;0,80;-0,2%;EE;35,70;-260 000;-9 282 000;-0,08%;;;-0,3%;0,01%;210 600;;;-0,81;-2,2%;0,00;0;32%;22%;24%;104%;138%;92;60,1 ;;;;;0,52;-0,17;0,79;-0,26;0,1;;;;;;;;;;;
;FORTUM; ;;HSS;LAST;20 786 090 481;0;1 566 679;1,50;-0,9%;EE;23,40;-77 750;-18 442 705;-0,01%;;;-0,6%;0,00%;-126 104;;;0,16;0,7%;0,00;0;4%;3%;1%;11%;35%;19;9,0 ;;;;;0,15;-0,05;0,33;-0,11;-0,2;;;;;;;;;;;
;FORTUM; ;;HSS;LAST;20 786 090 481;0;1 566 679;1,50;-0,1%;WG;23,40;-10 000;-2 372 052;0,00%;;;-0,1%;0,00%;-16 219;;;0,16;0,7%;0,00;0;4%;3%;1%;11%;35%;19;9,0 ;;;;;0,02;-0,01;0,04;-0,01;0,0;;;;;;;;;;;
;GRNG;;;SSE;LAST;12 778 295 884;0;356 699;1,20;-0,6%;EE;120,20;-141 307;-16 985 101;-0,13%;;;-0,5%;0,00%;28 261;;;-0,20;-0,2%;0,00;0;-1%;6%;0%;21%;54%;48;11,9 ;;;;;0,19;-0,06;0,75;-0,25;0,2;;;;;;;;;;;
;HM B;;;SSE;LAST;309 297 296 000;0;3 131 976;0,80;-0,6%;MH;211,75;-110 808;-23 463 594;-0,01%;;;-0,7%;-0,01%;-393 368;;;3,55;1,7%;0,00;0;1%;8%;4%;21%;34%;28;11,1 ;;;;;0,24;-0,08;0,62;-0,21;6,7;;;;;;;;;;;
;ICA;; ;SSE;LAST;82 067 892 360;0;378 932;1,40;-0,5%;JK;408,00;-30 000;-12 240 000;-0,01%;;;-0,4%;0,00%;51 000;;;-1,70;-0,4%;0,00;0;-0%;-4%;-4%;-3%;-6%;14;-2,8 ;;;;;-0,03;0,01;0,15;-0,05;0,9;;;;;;;;;;;
;INDT;; ;SSE;LAST;81 631 567 500;0;440 569;1,00;-0,3%;WG;224,50;-44 241;-9 932 105;-0,01%;;;-0,3%;0,00%;39 817;;;-0,90;-0,4%;0,00;0;0%;11%;10%;31%;39%;20;15,4 ;;;;;0,14;-0,05;0,18;-0,06;0,7;;;;;;;;;;;
;INDT;; ;SSE;LAST;81 631 567 500;0;440 569;1,00;-0,2%;MH;224,50;-28 646;-6 431 027;-0,01%;;;-0,2%;0,00%;25 781;;;-0,90;-0,4%;0,00;0;0%;11%;10%;31%;39%;20;15,4 ;;;;;0,09;-0,03;0,12;-0,04;0,5;;;;;;;;;;;
;INDT;; ;SSE;LAST;81 631 567 500;0;440 569;1,00;-0,3%;EE;224,50;-50 000;-11 225 000;-0,01%;;;-0,3%;0,00%;45 000;;;-0,90;-0,4%;0,00;0;0%;11%;10%;31%;39%;20;15,4 ;;;;;0,16;-0,05;0,20;-0,07;0,8;;;;;;;;;;;
;INDU A;; ;SSE;LAST;86 864 728 417;0;183 289;1,00;-0,8%;EE;325,20;-82 000;-26 666 400;-0,03%;;;-0,8%;0,00%;32 800;;;-0,40;-0,1%;0,00;0;-5%;1%;2%;14%;30%;23;6,0 ;;;;;0,15;-0,05;0,56;-0,19;2,1;;;;;;;;;;;
;INTRUM;;;SSE;LAST;36 187 628 921;0;249 133;0,80;-0,1%;EE;297,30;-16 190;-4 813 287;-0,01%;;;-0,1%;0,00%;-69 617;;;4,30;1,5%;0,00;0;1%;6%;10%;33%;22%;26;13,1 ;;;;;0,06;-0,02;0,12;-0,04;0,2;;;;;;;;;;;
;INTRUM;;;SSE;LAST;36 187 628 921;0;249 133;0,80;-0,3%;MH;297,30;-40 000;-11 892 000;-0,03%;;;-0,4%;-0,01%;-172 000;;;4,30;1,5%;0,00;0;1%;6%;10%;33%;22%;26;13,1 ;;;;;0,14;-0,05;0,29;-0,10;0,4;;;;;;;;;;;
;INWI;;;SSE;LAST;8 874 828 537;0;122 245;0,80;-0,2%;EE;153,10;-61 047;-9 346 296;-0,11%;;;-0,3%;-0,01%;-225 874;;;3,70;2,5%;0,00;0;4%;6%;12%;27%;56%;30;19,0 ;;;;;0,16;-0,06;0,26;-0,09;0,1;;;;;;;;;;;
;JM;; ;SSE;LAST;22 611 080 987;0;194 165;1,30;-1,2%;EE;324,95;-95 015;-30 875 124;-0,14%;;;-1,0%;-0,01%;-232 787;;;2,45;0,8%;0,00;0;-0%;10%;8%;7%;17%;22;6,0 ;;;;;0,17;-0,06;0,64;-0,21;0,6;;;;;;;;;;;
;KEMIRA;;;HSS;LAST;2 227 612 267;0;271 830;1,00;-0,4%;EE;14,34;-77 809;-11 310 645;-0,05%;;;-0,4%;0,00%;-15 775;;;0,02;0,1%;0,00;0;1%;10%;7%;0%;22%;18;5,9 ;;;;;0,06;-0,02;0,18;-0,06;0,0;;;;;;;;;;;
;KESKOB;;;HSS;LAST;7 134 181 198;0;804 914;1,00;-1,2%;EE;26,12;-142 575;-37 750 693;-0,05%;;;-1,2%;-0,01%;-216 792;;;0,15;0,6%;0,00;0;2%;0%;3%;19%;16%;24;7,7 ;;;;;0,27;-0,09;0,84;-0,28;0,2;;;;;;;;;;;
;KESKOB;;;HSS;LAST;7 134 181 198;0;804 914;1,00;-2,4%;MH;26,12;-291 718;-77 240 446;-0,11%;;;-2,4%;-0,01%;-443 571;;;0,15;0,6%;0,00;0;2%;0%;3%;19%;16%;24;7,7 ;;;;;0,55;-0,19;1,72;-0,58;0,5;;;;;;;;;;;
;KESKOB;;;HSS;LAST;7 134 181 198;0;804 914;1,00;-0,2%;JK;26,12;-30 000;-7 943 334;-0,01%;;;-0,2%;0,00%;-45 616;;;0,15;0,6%;0,00;0;2%;0%;3%;19%;16%;24;7,7 ;;;;;0,06;-0,02;0,18;-0,06;0,1;;;;;;;;;;;
;LATO B;; ;SSE;LAST;153 144 200 587;0;285 853;0,90;-0,3%;WG;258,60;-35 000;-9 051 000;-0,01%;;;-0,3%;0,00%;-63 000;;;1,80;0,7%;0,00;0;4%;14%;18%;34%;22%;18;16,8 ;;;;;0,14;-0,05;0,15;-0,05;1,3;;;;;;;;;;;
;LEO;; ;SSE;LAST;5 209 714 713;0;619 492;0,90;-0,1%;EE;51,25;-57 247;-2 933 909;-0,06%;;;-0,1%;0,00%;-22 899;;;0,40;0,8%;0,00;0;-3%;0%;3%;45%;61%;27;17,8 ;;;;;0,05;-0,02;0,07;-0,02;0,0;;;;;;;;;;;
;LUND B;; ;SSE;LAST;74 145 600 000;0;94 714;0,90;-0,9%;WG;487,80;-62 623;-30 547 499;-0,04%;;;-0,9%;0,00%;100 197;;;-1,60;-0,3%;0,00;0;-1%;2%;4%;8%;16%;10;4,8 ;;;;;0,14;-0,05;0,29;-0,10;2,1;;;;;;;;;;;
;LUND B;; ;SSE;LAST;74 145 600 000;0;94 714;0,90;-0,7%;MH;487,80;-53 792;-26 239 738;-0,04%;;;-0,8%;0,00%;86 067;;;-1,60;-0,3%;0,00;0;-1%;2%;4%;8%;16%;10;4,8 ;;;;;0,12;-0,04;0,25;-0,08;1,8;;;;;;;;;;;
;MAERSK B;; ;CSS;LAST;198 462 845 358;0;26 520;1,20;-0,5%;EE;15435,00;-675;-14 202 149;-0,01%;;;-0,4%;-0,01%;-243 833;;;265,00;1,7%;0,00;0;1%;5%;13%;13%;50%;28;14,2 ;;;;;0,19;-0,06;0,37;-0,12;2,6;;;;;;;;;;;
;MATAS;; ;CSS;LAST;4 815 177 615;0;151 242;1,20;-0,1%;EE;92,25;-20 432;-2 569 336;-0,05%;;;-0,1%;0,00%;2 785;;;-0,10;-0,1%;0,00;0;0%;11%;9%;18%;22%;27;9,8 ;;;;;0,02;-0,01;0,06;-0,02;0,0;;;;;;;;;;;
;MCOV B;; ;SSE;LAST;16 716 927 560;0;67 249;0,90;-0,2%;MH;239,50;-28 445;-6 812 578;-0,04%;;;-0,2%;-0,01%;-170 670;;;6,00;2,6%;0,00;0;6%;28%;28%;49%;74%;30;31,5 ;;;;;0,20;-0,07;0,19;-0,06;0,1;;;;;;;;;;;
;MOWI;;;OSS;LAST;107 972 797 680;0;784 816;1,50;-0,3%;WG;208,80;-27 146;-5 718 531;n.m.;;;-0,2%;0,00%;-90 379;;;3,30;1,6%;0,00;0;2%;-2%;2%;13%;27%;20;7,9 ;;;;;0,04;-0,01;0,10;-0,04;0,6;;;;;;;;;;;
;NENT B;; ;SSE;PREVCLOSE;31 574 348 491;0;211 482;0,90;-0,3%;MH;407,80;-25 539;-10 414 804;-0,03%;;;-0,3%;0,00%;0;;;0,00;0,0%;0,00;0;-2%;5%;2%;-14%;13%;35;-0,8 ;;;;;-0,01;0,00;0,33;-0,11;0,3;;;;;;;;;;;
;NENT B;; ;SSE;PREVCLOSE;31 574 348 491;0;211 482;0,90;-0,2%;WG;407,80;-16 400;-6 687 920;-0,02%;;;-0,2%;0,00%;0;;;0,00;0,0%;0,00;0;-2%;5%;2%;-14%;13%;35;-0,8 ;;;;;-0,01;0,00;0,21;-0,07;0,2;;;;;;;;;;;
;NIBE B;; ;SSE;LAST;142 064 857 805;0;527 648;0,90;-0,2%;MH;318,90;-20 000;-6 378 000;0,00%;;;-0,2%;0,00%;-22 000;;;1,10;0,3%;0,00;0;4%;18%;19%;8%;44%;23;15,4 ;;;;;0,09;-0,03;0,13;-0,05;0,8;;;;;;;;;;;
;NIBE B;;;SSE;LAST;142 064 857 805;0;527 648;0,80;-0,1%;WG;318,90;-18 590;-5 928 351;0,00%;;;-0,2%;0,00%;-20 449;;;1,10;0,3%;0,00;0;4%;18%;19%;8%;44%;23;15,4 ;;;;;0,08;-0,03;0,13;-0,04;0,8;;;;;;;;;;;
;NNIT;; ;CSS;LAST;3 735 031 000;2 997 057;20 208;1,10;-0,2%;MH;109,60;-47 553;-7 104 477;-0,19%;;;-0,2%;0,00%;-12 964;;;0,20;0,2%;0,00;0;1%;3%;5%;-3%;-12%;26;-0,7 ;;;;;0,00;0,00;0,17;-0,06;0,0;;;;;;;;;;;
;NOBI;; ;SSE;LAST;12 576 171 873;0;333 858;0,90;-0,4%;EE;73,85;-206 819;-15 273 583;-0,12%;;;-0,5%;0,00%;-41 364;;;0,20;0,3%;0,00;0;2%;11%;10%;14%;25%;13;10,3 ;;;;;0,14;-0,05;0,18;-0,06;0,2;;;;;;;;;;;
;ONCO;; ;SSE;LAST;10 091 404 512;0;498 607;0,90;-0,1%;MH;134,40;-30 000;-4 032 000;-0,04%;;;-0,1%;0,00%;-72 000;;;2,40;1,8%;0,00;0;-2%;-7%;-7%;-16%;-23%;52;-9,4 ;;;;;-0,04;0,01;0,19;-0,07;0,0;;;;;;;;;;;
;OVZON;;;SSE;LAST;3 926 174 011;0;73 101;0,80;-0,1%;EE;84,90;-50 000;-4 245 000;-0,11%;;;-0,1%;0,00%;155 000;;;-3,10;-3,5%;0,00;0;4%;12%;16%;-8%;28%;62;8,6 ;;;;;0,03;-0,01;0,24;-0,08;0,0;;;;;;;;;;;
;PCELL;; ;SSE;LAST;12 396 645 590;0;867 043;0,90;-0,2%;EE;239,00;-30 000;-7 170 000;-0,06%;;;-0,2%;0,00%;60 000;;;-2,00;-0,8%;0,00;0;-0%;-7%;3%;-45%;3%;61;-7,9 ;;;;;-0,05;0,02;0,41;-0,14;0,1;;;;;;;;;;;
;PNDX B;; ;SSE;LAST;17 383 344 840;0;376 466;1,30;-1,3%;WG;159,70;-209 480;-33 453 956;-0,19%;;;-1,0%;-0,01%;-418 960;;;2,00;1,3%;0,00;0;0%;8%;8%;23%;59%;27;16,1 ;;;;;0,50;-0,17;0,82;-0,28;0,5;;;;;;;;;;;
;PNDX B;; ;SSE;LAST;17 383 344 840;0;376 466;1,30;-0,5%;MH;159,70;-85 000;-13 574 500;-0,08%;;;-0,4%;-0,01%;-170 000;;;2,00;1,3%;0,00;0;0%;8%;8%;23%;59%;27;16,1 ;;;;;0,20;-0,07;0,33;-0,11;0,2;;;;;;;;;;;
;READ;; ;SSE;LAST;1 998 734 771;0;372 278;0,90;-0,1%;MH;54,40;-90 000;-4 896 000;-0,24%;;;-0,2%;0,00%;90 000;;;-1,00;-1,8%;0,00;0;-4%;-3%;-8%;-31%;-1%;50;-10,4 ;;;;;-0,05;0,02;0,23;-0,08;0,0;;;;;;;;;;;
;SAA1V;;;HSS;LAST;2 482 926 764;986 144;73 591;1,00;-0,4%;MH;15,18;-80 000;-12 310 342;-0,05%;;;-0,4%;-0,01%;-227 068;;;0,28;1,9%;0,00;0;5%;6%;5%;-4%;22%;27;5,8 ;;;;;0,07;-0,02;0,30;-0,10;0,0;;;;;;;;;;;
;SAGA B;; ;SSE;LAST;64 923 155 412;0;324 812;0,90;-0,1%;WG;222,00;-15 000;-3 330 000;-0,01%;;;-0,1%;0,00%;-3 000;;;0,20;0,1%;0,00;0;2%;18%;18%;32%;42%;20;18,7 ;;;;;0,06;-0,02;0,06;-0,02;0,2;;;;;;;;;;;
;SAGA B;;;SSE;LAST;64 923 155 412;0;324 812;1,20;-0,4%;MH;222,00;-50 000;-11 100 000;-0,02%;;;-0,3%;0,00%;-10 000;;;0,20;0,1%;0,00;0;2%;18%;18%;32%;42%;20;18,7 ;;;;;0,19;-0,06;0,20;-0,07;0,7;;;;;;;;;;;
;SAND;;;SSE;LAST;286 878 060 590;0;2 942 143;1,20;-0,9%;EE;228,70;-109 086;-24 947 968;-0,01%;;;-0,8%;0,00%;54 543;;;-0,50;-0,2%;0,00;0;-6%;-4%;0%;5%;31%;30;3,6 ;;;;;0,08;-0,03;0,70;-0,23;6,6;;;;;;;;;;;
;SAND;;;SSE;LAST;286 878 060 590;0;2 942 143;1,20;-0,3%;WG;228,70;-30 000;-6 861 000;0,00%;;;-0,2%;0,00%;15 000;;;-0,50;-0,2%;0,00;0;-6%;-4%;0%;5%;31%;30;3,6 ;;;;;0,02;-0,01;0,19;-0,06;1,8;;;;;;;;;;;
;SAS;;;SSE;LAST;14 750 059 763;0;47 929 057;0,80;-0,2%;MH;2,03;-4 815 843;-9 776 161;-0,07%;;;-0,3%;0,00%;-105 949;;;0,02;1,1%;0,00;0;1%;1%;10%;24%;-6%;37;7,3 ;;;;;0,07;-0,02;0,33;-0,11;0,1;;;;;;;;;;;
;SCATC;;;OSS;LAST;42 019 530 645;0;1 199 421;0,70;-0,2%;EE;264,50;-42 350;-11 301 269;-0,03%;;;-0,4%;0,00%;-145 272;;;3,40;1,3%;0,00;0;-5%;2%;13%;-28%;29%;59;0,9 ;;;;;0,01;0,00;0,62;-0,21;-0,2;;;;;;;;;;;
;SECT B;; ;SSE;LAST;21 363 357 190;0;61 718;1,20;-0,2%;WG;595,00;-7 200;-4 284 000;-0,02%;;;-0,1%;0,00%;-28 800;;;4,00;0,7%;0,00;0;1%;8%;3%;-19%;-2%;32;-2,7 ;;;;;-0,01;0,00;0,13;-0,04;0,1;;;;;;;;;;;
;SHOT;;;SSE;LAST;7 286 929 533;0;2 417 271;1,50;-0,7%;WG;38,10;-384 915;-14 665 262;-0,20%;;;-0,5%;0,00%;15 397;;;-0,04;-0,1%;0,00;0;-1%;6%;4%;24%;56%;35;14,0 ;;;;;0,19;-0,06;0,48;-0,16;0,1;;;;;;;;;;;
;SINCH;; ;SSE;LAST;102 755 511 720;0;208 559;0,90;-0,2%;WG;1580,00;-5 480;-8 658 400;-0,01%;;;-0,3%;0,00%;158 920;;;-29,00;-1,8%;0,00;0;-8%;3%;4%;20%;91%;43;16,0 ;;;;;0,13;-0,04;0,34;-0,12;0,8;;;;;;;;;;;
;SVOL B;;;SSE;LAST;6 195 741 043;0;48 716;1,30;-0,1%;WG;254,40;-10 331;-2 628 206;-0,04%;;;-0,1%;0,00%;-14 463;;;1,40;0,6%;0,00;0;5%;17%;23%;39%;57%;29;24,9 ;;;;;0,06;-0,02;0,07;-0,02;0,0;;;;;;;;;;;
;SWED A;;;SSE;LAST;173 106 315 008;0;3 247 522;1,30;-0,9%;EE;152,92;-150 000;-22 938 000;-0,01%;;;-0,7%;0,00%;-108 000;;;0,72;0,5%;0,00;0;-4%;-1%;-3%;-5%;2%;20;-2,8 ;;;;;-0,06;0,02;0,41;-0,14;3,7;;;;;;;;;;;
;TELIA;;;SSE;LAST;144 057 276 703;0;13 471 230;1,30;-0,5%;EE;35,23;-327 150;-11 523 859;-0,01%;;;-0,4%;0,00%;-52 344;;;0,16;0,5%;0,00;0;-3%;-7%;-7%;-4%;-3%;22;-4,4 ;;;;;-0,05;0,02;0,23;-0,08;1,5;;;;;;;;;;;
;TOKMAN;;;HSS;LAST;1 312 773 170;0;129 511;1,00;-0,4%;MH;22,30;-50 960;-11 519 739;-0,09%;;;-0,4%;0,00%;-82 653;;;0,16;0,7%;0,00;0;4%;12%;15%;42%;49%;16;21,5 ;;;;;0,23;-0,08;0,17;-0,06;0,0;;;;;;;;;;;
;TOKMAN;;;HSS;LAST;1 312 773 170;0;129 511;1,00;-0,6%;EE;22,30;-83 566;-18 890 474;-0,14%;;;-0,6%;0,00%;-135 537;;;0,16;0,7%;0,00;0;4%;12%;15%;42%;49%;16;21,5 ;;;;;0,38;-0,13;0,28;-0,09;0,0;;;;;;;;;;;
;TOM;;;OSS;LAST;59 592 884 208;0;231 633;1,50;-0,4%;EE;402,60;-22 200;-9 017 266;n.m.;;;-0,3%;0,01%;255 332;;;-11,40;-2,8%;0,00;0;-3%;9%;7%;-3%;3%;41;0,7 ;;;;;0,01;0,00;0,34;-0,11;0,5;;;;;;;;;;;
;TYRES;;;HSS;LAST;4 371 867 473;0;388 439;1,00;-0,2%;EE;31,47;-20 850;-6 651 371;-0,02%;;;-0,2%;0,00%;-10 568;;;0,05;0,2%;0,00;0;-1%;2%;5%;5%;17%;28;4,9 ;;;;;0,03;-0,01;0,18;-0,06;0,0;;;;;;;;;;;
;VOLV B;;;SSE;LAST;333 259 776 152;0;6 504 105;1,30;-0,6%;EE;209,80;-68 622;-14 396 896;0,00%;;;-0,4%;0,00%;113 226;;;-1,65;-0,8%;0,00;0;-3%;-5%;-7%;-1%;14%;33;-1,2 ;;;;;-0,02;0,01;0,44;-0,15;4,4;;;;;;;;;;;
;VOLV B;;;SSE;LAST;333 259 776 152;0;6 504 105;0,60;-0,2%;JK;209,80;-40 000;-8 392 000;0,00%;;;-0,3%;0,00%;66 000;;;-1,65;-0,8%;0,00;0;-3%;-5%;-7%;-1%;14%;33;-1,2 ;;;;;-0,01;0,00;0,26;-0,09;-1,4;;;;;;;;;;;
;WIHL;; ;SSE;LAST;29 989 495 266;0;206 685;1,20;-0,2%;WG;195,10;-25 000;-4 877 500;-0,02%;;;-0,2%;0,00%;-92 500;;;3,70;1,9%;0,00;0;4%;18%;15%;10%;11%;18;9,6 ;;;;;0,04;-0,01;0,08;-0,03;0,1;;;;;;;;;;;
;OMXS301D;; ;SO;PREVCLOSE;165 000 000 000;0;86 984;1,00;0,0%;EE;0,00;-250;0;n.m.;;;0,0%;0,00%;0;;;0,00;0,0%;0,00;0;0%;2%;3%;14%;23%;10;7,1 ;;;;;0,00;0,00;0,00;0,00;0,0;;;;;;;;;;;
;OMXS301D;; ;SO;PREVCLOSE;165 000 000 000;0;86 984;1,00;0,0%;JK;0,00;-225;0;n.m.;;;0,0%;0,00%;0;;;0,00;0,0%;0,00;0;0%;2%;3%;14%;23%;10;7,1 ;;;;;0,00;0,00;0,00;0,00;0,0;;;;;;;;;;;
;OMXS301D;; ;SO;PREVCLOSE;165 000 000 000;0;86 984;1,00;0,0%;WG;0,00;-1 194;0;n.m.;;;0,0%;0,00%;0;;;0,00;0,0%;0,00;0;0%;2%;3%;14%;23%;10;7,1 ;;;;;0,00;0,00;0,00;0,00;0,0;;;;;;;;;;;
;OMXS301D;; ;SO;PREVCLOSE;165 000 000 000;0;86 984;1,00;0,0%;MH;0,00;-170;0;n.m.;;;0,0%;0,00%;0;;;0,00;0,0%;0,00;0;0%;2%;3%;14%;23%;10;7,1 ;;;;;0,00;0,00;0,00;0,00;0,0;;;;;;;;;;;
;SHORT;;;;;;13 184 515;;;-34,7%;;;;-1 081 304 451;;;;-33,6%;-0,133%;-4 296 590;;;;0,40%;n.m.;0;5,7%;6,9%;6,9%;14,2%;28,8%;28,3;9,0;;;;;9,0;-3,0;28,3;-9,5;74,1;;;;;;;;;;;
;E Q U I T Y;;;;;;396 255 513;;;27,3%;;;;861 696 333;;;;26,7%;0,132%;4 262 389;;;EXPOSURE;JK;WG;MH;EE;TOTAL;JK;WG;MH;EE;TOTAL;;;;;;;;;;;;;;;;;;;;
;;;;;;;;;;;;;;;;;;;;;;;;;;;;;;;;;;;;;;;;;;;;;;;;;;;;;
;OUTPOST24;;;INGEN;PREVCLOSE;0;n.m.;0;1,00;0,8%;JK;435,68;57 382;24 999 926;n.m.;;;0,8%;0,00%;0;;;;;;;;;;;;;;;;;;0,00;0,00;n.m.;n.m.;0,0;;;;;;;;;;;
;ACQ SPAC;;;SSE;LAST;3 762 500 000;0;128 867;1,00;1,6%;JK;107,50;490 000;52 675 000;n.m.;;;1,6%;-0,01%;-245 000;;;-0,5;;;;;;;;;;;;;;;;;;;;;;;;;;;;;;
;F U N D S;;;;Price;Accrued;Calc Accr;;;;;0,000;;77 674 926;0;;;2,4%;-0,01%;-245 000;;;Eq long;4,7%;21,7%;17,3%;16,6%;60,3%;0,03%;0,05%;0,10%;0,08%;0,26%;;;;;;;;;;;;;;;;;;;;
;BMW FRN 230619;;;SSE;100,586;8 347;14 019;;1,0;;JK;100,586;20 000 000;20 125 547;20 072 373;;;0,6%;;53 173;;;;;;;;;;;;;;;;;;;;;;;;;;;;;;;;;
;CATB FRN 250317;;;SSE;100,559;68 366;103 610;;1,0;;JK;100,559;20 000 000;20 180 166;20 137 012;;;0,6%;;43 153;;;;;;;;;;;;;;;;;;;;;;;;;;;;;;;;;
;CATME HO1;;;SOX;92,140;0;249 635;;1,0;;MH;92,140;10 555 500;9 725 838;9 908 045;;;0,3%;;-182 207;;;;;;;;;;;;;;;;;;;;#REFERENS!;;#REFERENS!;;;;;;;;;;;
;GETINGE FRN 210521;;;SSE;100,085;48 249;66 387;;1,0;;JK;100,085;24 000 000;24 068 649;24 062 113;;;0,7%;;6 536;;;;;;;;;;;;;;;;;;;;;;;;;;;;;;;;;
;LIFCOB FRN 211206;;;SSE;100,134;15 711;66 387;;1,0;;JK;100,134;32 000 000;32 058 591;32 054 804;;;1,0%;;3 787;;;;;;;;;;;;;;;;;;;;;;;;;;;;;;;;;
;LIFCOB FRN 230302;;;SSE;100,724;8 801;12 384;;1,0;;JK;100,724;8 000 000;8 066 721;8 063 265;;;0,3%;;3 456;;;;;;;;;;;;;;;;;;;;;;;;;;;;;;;;;
;SBAB FRN 210617;;;SSE;100,821;1 034 958;1 026 138;;1,0;;JK;100,821;25 000 000;26 240 208;26 226 858;;;0,8%;;13 350;;;;;;;;;;;;;;;;;;;;;;;;;;;;;;;;;
;SCANIA FRN 220822;;;SSE;100,352;42 671;60 622;;1,0;;JK;100,352;50 000 000;50 218 671;50 201 221;;;1,6%;;17 450;;;;;;;;;;;;;;;;;;;;;;;;;;;;;;;;;
;SFSS FRN 240630;;;SSE;104,360;27 891;49 813;;1,0;;JK;104,360;12 500 000;13 072 891;13 109 953;;;0,4%;;-37 063;;;;;;;;;;;;;;;;;;;;;;;;;;;;;;;;;
;STERV FRN 240220;;;SSE;102,504;155 384;217 360;;1,0;;JK;102,504;80 000 000;82 158 584;82 086 931;;;2,6%;;71 653;;;;;;;;;;;;;;;;;;;;;;;;;;;;;;;;;
;TELIA FRN 221004;;;SSE;102,807;26 418;501 698;;1,0;;JK;102,807;55 000 000;56 570 268;56 937 164;;;1,8%;;33 104;;;;;;;;;;;;;;;;;;;;;;;;;;;;;;;;;
;TELNO FRN 210920;;;SSE;100,143;19 688;38 400;;1,0;;JK;100,143;75 000 000;75 126 938;75 120 188;;;2,3%;;6 750;;;;;;;;;;;;;;;;;;;;;;;;;;;;;;;;;
;VW FRN 210416;;;SSE;100,001;47 250;59 780;;1,0;;JK;100,001;30 000 000;30 047 550;30 043 200;;;0,9%;;4 350;;;;;;;;;;;;;;;;;;;;;;;;;;;;;;;;;
;SHOTSS;;;SSE;95,392;0;11 250;;1,0;;WG;95,392;7 500 000;7 154 400;6 864 975;;;0,2%;;289 425;;;;;;;;;;;;;;;;;;;;;;;;;;;;;;;;;
;B O N D S;;;;;;;;;;;;;454 815 021;;;;13,5%;;326 918;;;Eq short;1,3%;6,6%;9,7%;16,0%;33,6%;0,00%;-0,03%;-0,06%;-0,04%;-0,13%;;;;;;;;;;;;;;;;;;;;
;AMBEA CERT 210714;;;SSE;99,85317;0;;;1,0;;;99,853;50 000 000;49 926 585;49 917 113;;;1,5%;;9 473;;;;;;;;;;;;;;;;;;;;;;;;;;;;;;;;;
;BRAVIDA CERT 210630;;;SSE;99,90136;0;;;1,0;;;99,901;50 000 000;49 950 681;49 943 190;;;1,6%;;7 491;;;;;;;;;;;;;;;;;;;;;;;;;;;;;;;;;
;FC HEXAGON 210519;;;SSE;99,95919;0;;;1,0;;;99,959;50 000 000;49 979 596;49 979 596;;;1,6%;;0;;;;;;;;;;;;;;;;;;;;;;;;;;;;;;;;;
;FC INTRJ 210712;;;SSE;99,73529;0;;;1,0;;;99,735;50 000 000;49 867 643;49 867 643;;;1,5%;;0;;;;;;;;;;;;;;;;;;;;;;;;;;;;;;;;;
;FC SSAB 210823;;;SSE;99,79728;0;;;1,0;;;99,797;50 000 000;49 898 641;49 889 496;;;1,5%;;9 145;;;;;;;;;;;;;;;;;;;;;;;;;;;;;;;;;
;FC VASA 210525;;;SSE;99,98806;0;;;1,0;;;99,988;125 000 000;124 985 079;124 980 916;;;3,9%;;4 164;;;;;;;;;;;;;;;;;;;;;;;;;;;;;;;;;
;FC WALL 210517;;;SSE;99,97085;0;;;1,0;;;99,971;20 000 000;19 994 170;19 992 171;;;0,6%;;1 999;;;;;;;;;;;;;;;;;;;;;;;;;;;;;;;;;
;KLARNA CERT 210618;;;SSE;99,87388;0;;;1,0;;;99,874;50 000 000;49 936 939;49 925 645;;;1,5%;;11 295;;;;;;;;;;;;;;;;;;;;;;;;;;;;;;;;;
;KL꿝ERN CERT 210414;;;SSE;99,99529;0;;;1,0;;;99,995;50 000 000;49 997 644;49 983 506;;;1,6%;;14 138;;;;;;;;;;;;;;;;;;;;;;;;;;;;;;;;;
;KL꿝ERN CERT 210616;;;SSE;99,74233;0;;;1,0;;;99,742;50 000 000;49 871 166;49 983 506;;;1,5%;;-112 340;;;;;;;;;;;;;;;;;;;;;;;;;;;;;;;;;
;C E R T;;;;;;;;;;;;;544 408 146;;;;16,9%;;57 705;;;GROSS EQ;6,0%;28,3%;27,1%;32,6%;93,9%;0,03%;0,02%;0,04%;0,04%;0,13%;;;;;;;;;;;;;;;;;;;;
;C A S H;;;;;;;;;;;;;1 296 778 222;;;;40,3%;;;;;NET EQ;3,4%;15,2%;7,6%;0,6%;26,7%;0,7%;0,2%;0,6%;0,5%;0,4%;;;;;;;;;;;;;;;;;;;;
;D E B T & C A S H;;;;;;;;;;;;;2 373 676 314;;;;73,1%;-0,01%;-245 000;;; NET;3,5%;16,0%;7,8%;0,0%;27,3%;0,0%;0,5%;0,7%;0,2%;0,4%;;;;;;;;;;;;;;;;;;;;
;;;;;;;;;;;;;;;;;;;;;;;Unlisted;;;;;2,4%;#;#;#;#;#;;;;;;;;;;;;;;;;;;;;
;MONTH GROSS;;;;;;;;;;IB:;3 178 317 687;UB:;3 235 372 647;1,795%;;;GROSS;0,124%;4 017 389;;;Bonds;;;;;13,5%;22;64;44;81;0;;;;;;;;;;;;;;;;;;;;
;FIXED FEES;;;;;;;;;;;;;-2 648 598,1;-0,083%;;;;;;;;GROSS;6,0%;28,3%;27,1%;32,6%;109,8%;;VOL 30D:;MCAP:;DKK;1,363;;;;;;;;;;;;;;;;;;;;
;MONTH PRE PERF FEES;;;;;;;;;;;;;3 232 724 049;1,712%;;;;;;;;Cert;;;;;16,9%;LONG;27,0;53,6;NOK;1,009;;;;;;;;;;;;;;;;;;;;
;PERF FEES;;;;;;;;;;;;;-10 955 433;-0,345%;;;NAV:;0,458%;14 673 079;;;Cash;;;;;40,3%;SHORT;28,3;74,1;EUR;10,137;;;;;;;;;;;;;;;;;;;;
;MONTH NET;;;;;;;;;;;;;3 221 768 616;1,367%;;;;;;;;TOTAL;;;;;97,4%;;;;USD;8,379;;;;;;;;;;;;;;;;;;;;
;;;;;;;;;;;;;;;;;;;;;;;;;;;;;;;;;;;;;;;;;;;;;;;;;;;;;
;PERFORMANCE;;;;;;;;;;;;;;;;;HURDLE;;;;;PM;JK;WG;MH;EE;TOT;INDEX;1D;MTD;YTD;LIQ 5D:;;;;;;;;;;;;;;;;;;;;
;2021 YTD;;;;;;;;;;;;;;1,87%;;;SSVX 90;;-0,012%;;;TRADES;0;0;0;0;0;OMXS30;0,07%;2,3%;19,6%;87,3%;;;;;;;;;;;;;;;;;;;;
;SINCE INCEPTION ;;;;;;;;;;;;;;122,8%;;;PERF MULTIPLIER;;0,2;;;BPS;0,000%;0,000%;0,000%;0,000%;0,000%;CSX;0,39%;9,4%;17,1%;;;;;;;;;;;;;;;;;;;;;
;;;;;;;;;;;;;;;;;;;;;;;;;;;;;;;;;;;;;;;;;;;;;;;;;;;;;
;;;;;;;;;;;;;;;;;;;;;;;;;;;;;;;;;;;;;;;;;;;;;;;;;;;;;
;;;;;;;;;;;;;;;;;;;;;;;;;;;;;;;;;;;;;;;;;;;;;;;;;;;AUM;;
;TICKER;;;;;;;;;;;SELECT;ALCUR;TOTAL;SIZE;;;SENAST;DATUM;RAPPA;;;FX;;;;;;DKK;EUR;NOK;;;;;;;;;;;;;;;;;;10 000;15 000;20 000;25 000;30 000
;PNDX B;;;SSE;LAST;;;;;;;-890 366;-294 480;-1 184 846;-0,644%;;;0,6;21-03-16;;;;LONG;;;;;;124 658 892;5 534 987;96 265 673;lokal fx;;;;;;;;;;;;;;;;Net profit;45,1;76,1;107,1;138,1;169,1
;SHOT;;;SSE;LAST;;;;;;;-695 602;-384 915;-1 080 517;-0,565%;;;0,5;21-04-09;;;;SHORT;;;;;;-17 515 286;-23 486 274;-63 222 710;lokal fx;;;;;;;;;;;;;;;;;;;;;
;BMAX;;;SSE;LAST;;;;;;;0;-348 537;-348 537;-0,571%;;;0,5;21-03-24;;;;CASH;;;;;;-99 553 792;14 703 908;3 160 198;;;;;;;;;;;;;;;;;;;;;;
;READ;;;SSE;LAST;;;;;;;-91 707;-90 000;-181 707;-0,495%;;;0,4;20-09-25;;;;NET;;;;;;7 589 814;-3 247 379;36 203 161;;;;;;;;;;;;;;;;;;;;;;
;SVOL B;;;SSE;LAST;;;;;;;-94 603;-10 331;-104 934;-0,410%;;;0,4;20-09-24;;;;LIVE;;;;;;1,363;10,137;1,009;;;;;;;;;;;;;;;;;;;;;;
;ENEA;;;SSE;LAST;;;;;;;-17 101;-44 110;-61 211;-0,283%;;;0,2;20-10-08;;;;YDAY;;;;;;1,373;10,210;1,010;;;;;;;;;;;;;;;;;;;;;;
;DUST;;;SSE;LAST;;;;;;;-47 553;-163 856;-211 409;-0,238%;;;0,2;21-03-11;;;;DIFF;;;;;;950 739;-1 070 812;-3 950;;;;;;;;;;;;;;;;;;;;;;
;TOKMAN;;;HSS;LAST;;;;;;;0;-134 526;-134 526;-0,229%;;;0,2;21-03-26;;;;;;;;;;;;-124 024;;;;;;;;;;;;;;;;;;;;;;
;ENENTO;;;HSS;LAST;;;;;;;0;-46 593;-46 593;-0,194%;;;;20-12-10;;;;;;;;;;;;;;;;;;;;;;;;;;;;;;;;;;
;NNIT;;;CSS;LAST;;;;;;;0;-47 553;-47 553;-0,190%;;;;;;;;TICKER;;SELECT;ALCUR;GROW;TOTAL;SHARE;SENAST;RAPPAD;;;;;;;;;;;;;;;;;;;;;;
;TROAX;;;SSE;LAST;;;;;;;-35 719;0;-35 719;-0,060%;;;;21-02-23;;;;FPIP;;3 516 610;278 032;;3 794 642;7,1363%;5,0%;20-04-07;;;;;;;;;;;;;;;;;;;;;;
;COOR;;;SSE;LAST;;;;;;;-159 763;0;0;-0,167%;;;;21-01-18;;;;MNTR;;11 458 441;1 507 855;2 506 867;15 473 163;8,3219%;;;euron gr, beh쉡s inte;;;;;;;;;;;;;;;;;;;;;
;CDON;;;SSE;LAST;;;;;;;-1 102;-7 611;-8 713;-0,145%;;;;;;;;HUM;;2 810 756;71 042;102 431;2 984 229;5,6158%;5,0%;21-01-05;;;;;;;;;;;;;;;;;;;;;;
;BOOZT;;;SSE;LAST;;;;;;;-67 034;-26 111;-93 145;-0,143%;;;;21-03-10;;;;PRIC B;;6 320 436;779 041;;7 099 477;6,3976%;5,0%;20-05-15;;;;;;;;;;;;;;;;;;;;;;
;GRNG;;;SSE;LAST;;;;;;;-10 785;-141 307;-152 092;-0,143%;;;;21-03-10;;;;PACT;;463 420;37 553;;500 973;5,3673%;5,0%;21-01-26;;;;;;;;;;;;;;;;;;;;;;
;JM;;;SSE;LAST;;;;;;;7 714;-95 015;-87 301;-0,125%;;;;20-12-10;;;;CAT B;;3 293 983;943 553;569 311;4 806 847;5,4408%;5,0%;21-01-25;av kapital;;;;;;;;;;;;;;;;;;;;;
;NOBI;;;SSE;LAST;;;;;;;0;-206 819;-206 819;-0,121%;;;;21-03-08;;;;CAT B;;3 293 983;943 553;569 311;4 806 847;4,8876%;;;av r쉝ter;;;;;;;;;;;;;;;;;;;;;
;KESKOB;;;HSS;LAST;;;;;;;-53 057;-464 293;-517 350;-0,129%;;;;;;;;MSAB B;;898 577;;;898 577;4,6869%;;;;;;;;;;;;;;;;;;;;;;;;
;LUND B;;;SSE;LAST;;;;;;;-113 204;-116 415;-229 619;-0,093%;;;;21-03-11;;;;NWG;;1 000 749;120 926;;1 121 675;4,6617%;;20-10-29;;;;;;;;;;;;;;;;;;;;;;
;EPR;;;OSS;LAST;;;;;;;0;-150 000;-150 000;-0,090%;;;;;;;;MEAB B;;;;;0;0,0000%;;;;;;;;;;;;;;;;;;;;;;;;
;AXFO;;;SSE;LAST;;;;;;;-86 225;-101 752;-187 977;-0,090%;;;;21-03-03;;;;INFRA;;1 197 615;251 000;;1 448 615;4,6919%;;;;;;;;;;;;;;;;;;;;;;;;
;MSON B;;;SSE;LAST;;;;;;;-52 541;0;-52 541;-0,081%;;;;;;;;AMBEA;;2 887 034;1 744 762;400 894;5 032 690;5,3190%;;;SEB s둲erhet;;;;;;;;;;;;;;;;;;;;;
;LIME;;;SSE;LAST;;;;;;;-10 557;0;-10 557;-0,079%;;;;;;;;BRE2;;57 407 168;;4 183 347;;6,4352%;;;first north, beh쉡s inte;;;;;;;;;;;;;;;;;;;;;
;ARJO B;;;SSE;LAST;;;;;;;-16 188;-158 749;-174 937;-0,064%;;;;21-01-20;;;;JLT;;1 661 119;;;;5,8179%;;;first north, beh쉡s inte;;;;;;;;;;;;;;;;;;;;;
;NENT B;;;SSE;LAST;;;;;;;-23 538;-41 939;-65 477;-0,083%;;;;;;;;NEPA;;423 668;;;;5,3880%;;;first north, beh쉡s inte;;;;;;;;;;;;;;;;;;;;;
;SAS;;;SSE;LAST;;;;;;;0;-4 815 843;-4 815 843;-0,066%;;;;21-02-24;;;;IDUN B;;298 268;;174 419;;4,4414%;;;first north, beh쉡s inte;;;;;;;;;;;;;;;;;;;;;
;BEIJ B;;;SSE;LAST;;;;;;;-28 250;-23 400;-51 650;-0,041%;;;;20-05-27;;;;PAX;;380 854;;400 879;;4,4385%;;;first north, beh쉡s inte;;;;;;;;;;;;;;;;;;;;;
;BETS B;;;SSE;LAST;;;;;;;-55 000;-30 000;-85 000;-0,059%;;;;21-01-29;;;;FLUG B;;111 181;;;;3,7060%;;;;;;;;;;;;;;;;;;;;;;;;
;MATAS;;;CSS;LAST;;;;;;;0;-20 432;-20 432;-0,053%;;;;;;;;;;;;;;;;;;;;;;;;;;;;;;;;;;;;;;
;ATT;;;SSE;LAST;;;;;;;0;-30 000;-30 000;-0,019%;;;;21-01-15;;;;;;;;;;;;;;;;;;;;;;;;;;;;;;;;;;
;SAA1V;;;HSS;LAST;;;;;;;0;-80 000;-80 000;-0,049%;;;;;;;;;;;;;;;;;;;;;;;;;;;;;;;;;;;;;;
;CINT;;;SSE;LAST;;;;;;;0;-62 554;-62 554;-0,046%;;;;21-03-19;;;;;;;;;;;;;;;;;;;;;;;;;;;;;;;;;;
;CAST;;;SSE;LAST;;;;;;;-31 980;-19 901;-51 881;-0,019%;;;;;;;;;;;;;;;;;;;;;;;;;;;;;;;;;;;;;;
;ATRLJ B;;;SSE;LAST;;;;;;;22 444;-3 216;19 228;0,014%;;;;;;;;;;;;;;;;;;;;;;;;;;;;;;;;;;;;;;
;VIT B;;;SSE;LAST;;;;;;;-12 946;0;-12 946;-0,039%;;;;;;;;;;;;;;;;;;;;;;;;;;;;;;;;;;;;;;
;WIHL;;;SSE;LAST;;;;;;;-35 000;-25 000;-60 000;-0,039%;;;;;;;;;;;;;;;;;;;;;;;;;;;;;;;;;;;;;;
;ELISA;;;HSS;LAST;;;;;;;-19 253;-18 300;-37 553;-0,022%;;;;;;;;;;;;;;;;;;;;;;;;;;;;;;;;;;;;;;
;CTY1S;;;HSS;LAST;;;;;;;0;-119 865;-119 865;-0,067%;;;;21-03-18;;;;;;;;;;;;;;;;;;;;;;;;;;;;;;;;;;
;NENT B;;;SSE;LAST;;;;;;;-23 538;-41 939;-65 477;-0,033%;;;;;;;;;;;;;;;;;;;;;;;;;;;;;;;;;;;;;;
;INDT;;;SSE;LAST;;;;;;;-80 749;-122 887;-203 636;-0,056%;;;;20-04-21;;;;;;;;;;;;;;;;;;;;;;;;;;;;;;;;;;
;EQT;;;SSE;LAST;;;;;;;-103 213;-169 966;-273 179;-0,028%;;;;;;;;;;;;;;;;;;;;;;;;;;;;;;;;;;;;;;
;IVSO;;;SSE;LAST;;;;;;;-12 100;0;-12 100;-0,027%;;;;;;;;;;;;;;;;;;;;;;;;;;;;;;;;;;;;;;
;ICA;;;SSE;LAST;;;;;;;-23 442;-30 000;-53 442;-0,027%;;;;;;;;;;;;;;;;;;;;;;;;;;;;;;;;;;;;;;
;ORES;;;SSE;LAST;;;;;;;-12 027;0;-12 027;-0,026%;;;;;;;;;;;;;;;;;;;;;;;;;;;;;;;;;;;;;;
;MTG B;;;SSE;LAST;;;;;;;0;0;0;0,000%;;;;21-01-22;;;;;;;;;;;;;;;;;;;;;;;;;;;;;;;;;;
;TOM;;;OSS;LAST;;;;;;;0;-22 200;-22 200;-0,015%;;;;;;;;;;;;;;;;;;;;;;;;;;;;;;;;;;;;;;
;LATO B;;;SSE;LAST;;;;;;;-81 821;-35 000;-116 821;-0,018%;;;;;;;;;;;;;;;;;;;;;;;;;;;;;;;;;;;;;;
;NIBE B;;;SSE;LAST;;;;;;;-56 787;-38 590;-95 377;-0,019%;;;;;;;;;;;;;;;;;;;;;;;;;;;;;;;;;;;;;;
;HMS;;;SSE;LAST;;;;;;;-6 832;0;-6 832;-0,015%;;;;20-11-09;;;;;;;;;;;;;;;;;;;;;;;;;;;;;;;;;;
;INDU A;;;SSE;LAST;;;;;;;0;-82 000;-82 000;-0,019%;;;;;;;;;;;;;;;;;;;;;;;;;;;;;;;;;;;;;;
;INTRUM;;;SSE;LAST;;;;;;;-30 000;-56 190;-86 190;-0,066%;;;;;;;;;;;;;;;;;;;;;;;;;;;;;;;;;;;;;;
;ROCK B;;;CSS;LAST;;;;;;;-3 443;0;-3 443;-0,016%;;;;;;;;;;;;;;;;;;;;;;;;;;;;;;;;;;;;;;
;TYRES;;;HSS;LAST;;;;;;;0;-20 850;-20 850;-0,015%;;;;;;;;;;;;;;;;;;;;;;;;;;;;;;;;;;;;;;
;CATE;;;SSE;LAST;;;;;;;0;0;0;0,000%;;;;;;;;;;;;;;;;;;;;;;;;;;;;;;;;;;;;;;
;MOWI;;;OSS;LAST;;;;;;;-46 655;-27 146;-73 801;-0,014%;;;;;;;;;;;;;;;;;;;;;;;;;;;;;;;;;;;;;;
;DOM;;;SSE;LAST;;;;;;;0;0;0;0,000%;;;;;;;;;;;;;;;;;;;;;;;;;;;;;;;;;;;;;;
;NETC;;;CSS;LAST;;;;;;;-5 995;0;-5 995;-0,012%;;;;;;;;;;;;;;;;;;;;;;;;;;;;;;;;;;;;;;
;DNB;;;OSS;LAST;;;;;;;0;-160 300;-160 300;-0,010%;;;;;;;;;;;;;;;;;;;;;;;;;;;;;;;;;;;;;;
;HPOL B;;;SSE;LAST;;;;;;;0;0;0;0,000%;;;;;;;;;;;;;;;;;;;;;;;;;;;;;;;;;;;;;;
;SINCH;;;SSE;LAST;;;;;;;-15 153;-5 480;-20 633;-0,034%;;;;20-10-06;;;;;;;;;;;;;;;;;;;;;;;;;;;;;;;;;;
;XXL;;;OSS;LAST;;;;;;;-7 406;0;;-0,003%;;;;21-03-15;;;;;;;;;;;;;;;;;;;;;;;;;;;;;;;;;;
;RAY B;;;SSE;LAST;;;;;;;0;0;0;0,000%;;;;20-03-26;;;;;;;;;;;;;;;;;;;;;;;;;;;;;;;;;;
;LIFCO B;;;SSE;LAST;;;;;;;0;0;0;0,000%;;;;;;;;;;;;;;;;;;;;;;;;;;;;;;;;;;;;;;
;FABG;;;SSE;LAST;;;;;;;0;-15 061;-15 061;-0,005%;;;;21-02-15;;;;;;;;;;;;;;;;;;;;;;;;;;;;;;;;;;
;FG;;;SSE;LAST;;;;;;;0;0;0;0,000%;;;;;;;;;;;;;;;;;;;;;;;;;;;;;;;;;;;;;;
;KNOW;;;SSE;LAST;;;;;;;0;0;0;0,000%;;;;21-02-16;;;;;;;;;;;;;;;;;;;;;;;;;;;;;;;;;;
;LEO;;;SSE;LAST;;;;;;;0;-57 247;-57 247;-0,056%;;;;21-02-15;;;;;;;;;;;;;;;;;;;;;;;;;;;;;;;;;;
;ADAPT;;;SSE;LAST;;;;;;;0;0;0;0,000%;;;;;;;;;;;;;;;;;;;;;;;;;;;;;;;;;;;;;;
;ATIC;;;SSE;LAST;;;;;;;0;0;0;0,000%;;;;20-12-03;;;;;;;;;;;;;;;;;;;;;;;;;;;;;;;;;;
;CLA B;;;SSE;LAST;;;;;;;0;0;0;0,000%;;;;20-10-20;;;;;;;;;;;;;;;;;;;;;;;;;;;;;;;;;;
;CTT;;;SSE;LAST;;;;;;;0;0;0;0,000%;;;;20-05-28;;;;;;;;;;;;;;;;;;;;;;;;;;;;;;;;;;
;EOLU B;;;SSE;LAST;;;;;;;0;0;0;0,000%;;;;21-01-11;;;;;;;;;;;;;;;;;;;;;;;;;;;;;;;;;;
;GARO;;;SSE;LAST;;;;;;;0;0;0;0,000%;;;;21-01-29;;;;;;;;;;;;;;;;;;;;;;;;;;;;;;;;;;
;GHP;;;SSE;LAST;;;;;;;0;0;0;0,000%;;;;;;;;;;;;;;;;;;;;;;;;;;;;;;;;;;;;;;
;HOFI;;;SSE;LAST;;;;;;;0;0;0;0,000%;;;;;;;;;;;;;;;;;;;;;;;;;;;;;;;;;;;;;;
;IAR B;;;SSE;LAST;;;;;;;0;0;0;0,000%;;;;;;;;;;;;;;;;;;;;;;;;;;;;;;;;;;;;;;
;INSTAL;;;SSE;LAST;;;;;;;0;0;0;0,000%;;;;20-08-19;;;;;;;;;;;;;;;;;;;;;;;;;;;;;;;;;;
;INWI;;;SSE;LAST;;;;;;;0;-61 047;-61 047;-0,105%;;;;20-04-28;;;;;;;;;;;;;;;;;;;;;;;;;;;;;;;;;;
;ITAB B;;;SSE;LAST;;;;;;;0;0;0;0,000%;;;;;;;;;;;;;;;;;;;;;;;;;;;;;;;;;;;;;;
;JOMA;;;SSE;LAST;;;;;;;0;0;0;0,000%;;;;;;;;;;;;;;;;;;;;;;;;;;;;;;;;;;;;;;
;KID;;;OSS;LAST;;;;;;;0;0;0;0,000%;;;;;;;;;;;;;;;;;;;;;;;;;;;;;;;;;;;;;;
;KNEBV;;;HSS;LAST;;;;;;;0;0;0;0,000%;;;;;;;;;;;;;;;;;;;;;;;;;;;;;;;;;;;;;;
;MEKO;;;SSE;LAST;;;;;;;0;0;0;0,000%;;;;21-01-26;;;;;;;;;;;;;;;;;;;;;;;;;;;;;;;;;;
;MIPS;;;SSE;LAST;;;;;;;0;0;0;0,000%;;;;20-07-24;;;;;;;;;;;;;;;;;;;;;;;;;;;;;;;;;;
;MTRS;;;SSE;LAST;;;;;;;0;0;0;0,000%;;;;;;;;;;;;;;;;;;;;;;;;;;;;;;;;;;;;;;
;MUSTI;;;HSS;LAST;;;;;;;0;0;0;0,000%;;;;20-08-14;;;;;;;;;;;;;;;;;;;;;;;;;;;;;;;;;;
;NMAN;;;SSE;LAST;;;;;;;0;0;0;0,000%;;;;;;;;;;;;;;;;;;;;;;;;;;;;;;;;;;;;;;
;NRC;;;OSS;LAST;;;;;;;0;0;0;0,000%;;;;;;;;;;;;;;;;;;;;;;;;;;;;;;;;;;;;;;
;OEM B;;;SSE;LAST;;;;;;;0;0;0;0,000%;;;;;;;;;;;;;;;;;;;;;;;;;;;;;;;;;;;;;;
;ADDT B;;;SSE;LAST;;;;;;;0;0;0;0,000%;;;;20-10-30;;;;;;;;;;;;;;;;;;;;;;;;;;;;;;;;;;
;VNV;;;SSE;LAST;;;;;;;0;0;0;0,000%;;;;;;;;;;;;;;;;;;;;;;;;;;;;;;;;;;;;;;
;BTS B;;;SSE;LAST;;;;;;;0;0;0;0,000%;;;;;;;;;;;;;;;;;;;;;;;;;;;;;;;;;;;;;;
;HEXA B;;;SSE;LAST;;;;;;;0;26 450;26 450;0,007%;;;;;;;;;;;;;;;;;;;;;;;;;;;;;;;;;;;;;;
;BALD B;;;SSE;LAST;;;;;;;0;26 440;26 440;0,015%;;;;;;;;;;;;;;;;;;;;;;;;;;;;;;;;;;;;;;
;AZA;;;SSE;LAST;;;;;;;0;24 202;24 202;0,016%;;;;;;;;;;;;;;;;;;;;;;;;;;;;;;;;;;;;;;
;CLAS B;;;SSE;LAST;;;;;;;0;0;0;0,000%;;;;21-03-18;;;;;;;;;;;;;;;;;;;;;;;;;;;;;;;;;;
;KAMBI;;;SSE;LAST;;;;;;;0;38 060;38 060;0,123%;;;;;;;;;;;;;;;;;;;;;;;;;;;;;;;;;;;;;;
;SKIS B;;;SSE;LAST;;;;;;;0;54 034;54 034;0,069%;;;;20-10-01;;;;;;;;;;;;;;;;;;;;;;;;;;;;;;;;;;
;SWEC B;;;SSE;LAST;;;;;;;-21 200;110 211;89 011;0,074%;;;;;;;;;;;;;;;;;;;;;;;;;;;;;;;;;;;;;;
;LOOMIS;;;SSE;LAST;;;;;;;0;71 633;71 633;0,095%;;;;20-11-06;;;;;;;;;;;;;;;;;;;;;;;;;;;;;;;;;;
;AAK;;;SSE;LAST;;;;;;;159 488;0;159 488;0,063%;;;;;;;;;;;;;;;;;;;;;;;;;;;;;;;;;;;;;;
;KIND SDB;;;SSE;LAST;;;;;;;0;731 694;731 694;0,318%;;;;;;;;;;;;;;;;;;;;;;;;;;;;;;;;;;;;;;
;HUFV A;;;SSE;LAST;;;;;;;522 452;421 252;943 704;0,447%;;;;;;;;;;;;;;;;;;;;;;;;;;;;;;;;;;;;;;
;NCC B;;;SSE;LAST;;;;;;;305 387;213 328;518 715;0,478%;;;;;;;;;;;;;;;;;;;;;;;;;;;;;;;;;;;;;;
;;;;;;;;;;;;;;;;;;;;;;;;;;;;;;;;;;;;;;;;;;;;;;;;;;;;;
;;;;;;;;;;;;;;;;;;;;;;;;;;;;;;;;;;;;;;;;;;;;;;;;;;;;;
; PERFORMANCE;;;;;;;;;;;;;;;;;;;;;;GROSS;JK;WG;MH;EE;TOT;;NAV;0,8;ACC;OMX;;;;;;;;;;;;;;;;;;;;
;;;;;;;;;;;;;;;;;;;;;;;2021-04-01;0,060%;0,001%;0,150%;0,149%;0,360%;;0,200%;0,288%;0,200%;;;;;;;;;;;;;;;;;;;;;
;;;;;;;;;;;;;;;;;;;;;;;2021-04-02;0,000%;0,000%;0,000%;0,000%;0,000%;;0,000%;0,000%;0,000%;;;;;;;;;;;;;;;;;;;;;
;;;;;;;;;;;;;;;;;;;;;;;2021-04-05;0,000%;0,000%;0,000%;0,000%;0,000%;;0,000%;0,000%;0,000%;;;;;;;;;;;;;;;;;;;;;
;;;;;;;;;;;;;;;;;;;;;;;2021-04-06;-0,001%;0,058%;0,146%;0,041%;0,244%;;0,212%;0,195%;0,212%;;;;;;;;;;;;;;;;;;;;;
;;;;;;;;;;;;;;;;;;;;;;;2021-04-07;0,013%;0,120%;0,186%;0,114%;0,433%;;0,338%;0,346%;0,338%;;;;;;;;;;;;;;;;;;;;;
;;;;;;;;;;;;;;;;;;;;;;;2021-04-08;0,005%;-0,023%;-0,013%;0,062%;0,032%;;0,042%;0,026%;0,042%;;;;;;;;;;;;;;;;;;;;;
;;;;;;;;;;;;;;;;;;;;;;;2021-04-09;-0,002%;0,060%;0,058%;0,033%;0,150%;;0,103%;0,120%;0,103%;;;;;;;;;;;;;;;;;;;;;
;;;;;;;;;;;;;;;;;;;;;;;2021-04-12;-0,018%;-0,044%;-0,021%;0,100%;0,016%;;0,008%;0,013%;0,008%;;;;;;;;;;;;;;;;;;;;;
;;;;;;;;;;;;;;;;;;;;;;;2021-04-13;0,034%;0,022%;0,037%;0,039%;0,132%;;0,458%;0,105%;0,458%;;;;;;;;;;;;;;;;;;;;;
;;;;;;;;;;;;;;;;;;;;;;;2021-04-14;;;;;0,000%;;0,000%;0,000%;0,000%;;;;;;;;;;;;;;;;;;;;;
;;;;;;;;;;;;;;;;;;;;;;;2021-04-15;;;;;0,000%;;0,000%;0,000%;0,000%;;;;;;;;;;;;;;;;;;;;;
;;;;;;;;;;;;;;;;;;;;;;;2021-04-16;;;;;0,000%;;0,000%;0,000%;0,000%;;;;;;;;;;;;;;;;;;;;;
;;;;;;;;;;;;;;;;;;;;;;;2021-04-19;;;;;0,000%;;0,000%;0,000%;0,000%;;;;;;;;;;;;;;;;;;;;;
;;;;;;;;;;;;;;;;;;;;;;;2021-04-20;;;;;0,000%;;0,000%;0,000%;0,000%;;;;;;;;;;;;;;;;;;;;;
;;;;;;;;;;;;;;;;;;;;;;;2021-04-21;;;;;0,000%;;0,000%;0,000%;0,000%;;;;;;;;;;;;;;;;;;;;;
;;;;;;;;;;;;;;;;;;;;;;;2021-04-22;;;;;0,000%;;0,000%;0,000%;0,000%;;;;;;;;;;;;;;;;;;;;;
;;;;;;;;;;;;;;;;;;;;;;;2021-04-23;;;;;0,000%;;0,000%;0,000%;0,000%;;;;;;;;;;;;;;;;;;;;;
;;;;;;;;;;;;;;;;;;;;;;;2021-04-26;;;;;0,000%;;0,000%;0,000%;0,000%;;;;;;;;;;;;;;;;;;;;;
;;;;;;;;;;;;;;;;;;;;;;;2021-04-27;;;;;0,000%;;0,000%;0,000%;0,000%;;;;;;;;;;;;;;;;;;;;;
;;;;;;;;;;;;;;;;;;;;;;;2021-04-28;;;;;0,000%;;0,000%;0,000%;0,000%;;;;;;;;;;;;;;;;;;;;;
;;;;;;;;;;;;;;;;;;;;;;;2021-04-29;;;;;0,000%;;0,000%;0,000%;0,000%;;;;;;;;;;;;;;;;;;;;;
;;;;;;;;;;;;;;;;;;;;;;;2021-04-30;;;;;0,000%;;0,000%;0,000%;0,000%;;;;;;;;;;;;;;;;;;;;;
;;;;;;;;;;;;;;;;;;;;;;;;;;;;;;;;;;;;;;;;;;;;;;;;;;;;;
;;;;;;;;;;;;;;;;;;;;;;;APR;0,09%;0,19%;0,54%;0,54%;1,37%;;1,37%;;;;;;;;;;;;;;;;;;;;;;;
;;;;;;;;;;;;;;;;;;;;;;;;;;;;-0,027%;;;;;;;;;;;;;;;;;;;;;;;;;
;;;;;;;;;;;;;;;;;;;;;;;;;;;;1,341%;;;;;;;;;;;;;;;;;;;;;;;;;
;  BONDS;;;;;;;;;;PM;PRICE;NOMINAL;ACCRUED;VALUE;;;INTEREST;;COUPONS;;;INT DATE;DAYS;F꿘FALL;DAYS;;RETURN;YIELD;MONTH;3M STIB;;;;;;;;;;;;;;;;;;;;;;
;BMW;;;SSE;;;;;;;;100,586;20 000 000;14 019;20 131 219;;;0,68%;;2021-06-19;;;2021-03-19;37;2023-06-19;773;;175 681;0,41%;11 367;0,032%;;;;;;;;;;;;;;;;;;;;;;
;CATELLA 250317;;;SSE;;;;;;;;100,559;20 000 000;103 610;20 215 410;;;4,78%;;2021-06-17;;;2021-03-17;39;2025-03-17;1 401;;3 610 190;4,64%;79 700;0,032%;;;;;;;;;;;;;;;;;;;;;;
;CTME HO1;;;SSE;;;;;;;;92,140;10 555 500;249 635;9 975 473;;;8,03%;;2021-04-10;;;2021-01-10;106;2022-07-10;434;;1 851 754;14,55%;70 651;0,032%;;;;;;;;;;;;;;;;;;;;;;
;GETINGE;;;SSE;;;;;;;;100,085;24 000 000;66 387;24 086 787;;;1,53%;;2021-05-21;;;2021-02-21;65;2021-05-21;25;;5 133;0,31%;30 640;0,032%;;;;;;;;;;;;;;;;;;;;;;
;LIFCO;;;SSE;;;;;;;;100,134;32 000 000;14 756;32 057 636;;;0,33%;;2021-06-07;;;2021-03-06;50;2021-12-06;220;;22 044;0,11%;8 853;0,032%;;;;;;;;;;;;;;;;;;;;;;
;LIFCO;;;SSE;;;;;;;;100,724;8 000 000;12 384;8 070 304;;;1,03%;;2021-06-02;;;2021-03-02;54;2023-03-02;666;;94 816;0,64%;6 880;0,032%;;;;;;;;;;;;;;;;;;;;;;
;SBAB PRP;;;SSE;;;;;;;;100,821;25 000 000;1 026 138;26 231 388;;;4,78%;;2021-06-17;;;2020-06-17;309;2021-06-17;51;;-35 888;-1,01%;99 625;0,032%;;;;;;;;;;;;;;;;;;;;;;
;SCANIA;;;SSE;;;;;;;;100,352;50 000 000;60 622;50 236 622;;;0,68%;;2021-05-22;;;2021-02-22;64;2022-08-22;476;;274 878;0,42%;28 417;0,032%;;;;;;;;;;;;;;;;;;;;;;
;STILLFRONT;;;SSE;;;;;;;;104,360;12 500 000;49 813;13 094 813;;;4,78%;;2021-06-26;;;2021-03-26;30;2024-06-30;1 144;;1 354 517;3,41%;49 813;0,032%;;;;;;;;;;;;;;;;;;;;;;
;STORA ENSO;;;SSE;;;;;;;;102,504;80 000 000;217 360;82 220 560;;;1,48%;;2021-05-20;;;2021-02-20;66;2024-02-20;1 014;;1 336 240;0,59%;98 800;0,032%;;;;;;;;;;;;;;;;;;;;;;
;TELIA PRP;;;SSE;;;;;;;;102,807;55 000 000;501 698;57 045 548;;;2,93%;;2021-04-04;;;2021-01-04;112;2022-10-04;518;;776 502;0,98%;134 383;0,032%;;;;;;;;;;;;;;;;;;;;;;
;TELENOR ;;;SSE;;;;;;;;100,143;75 000 000;38 400;75 145 650;;;0,51%;;2021-06-20;;;2021-03-20;36;2021-09-20;144;;46 350;0,15%;32 000;0,032%;;;;;;;;;;;;;;;;;;;;;;
;VW;;;SSE;;;;;;;;100,001;30 000 000;59 780;30 060 080;;;0,73%;;2021-04-18;;;2021-01-18;98;2021-04-16;-10;;-6 400;0,77%;18 300;0,032%;;;;;;;;;;;;;;;;;;;;;;
;SHOTSS;;;SSE;;;;;;;;95,392;7 500 000;11 250;7 165 650;;;3,00%;;2021-10-08;;;2021-04-08;18;2024-10-08;1 242;;1 121 850;4,34%;18 750;0,032%;;;;;;;;;;;;;;;;;;;;;;
;TOTAL B O N D S;;;;;;;;;;;;449 555 500;2 425 850;455 737 138;;;;;;;;;;;413;;10 627 668;2,71%;688 179;;;;;;;;;;;;;;;;;;;;;;;
;;;;;;;;;;;;;;;;;;;;;;;;;;;;;;;;;;;;;;;;;;;;;;;;;;;;;
;;;;;;;;;;;;;;;;;;;;;;;;;;;;;;;;;;;;;;;;;;;;;;;;;;;;;
;;;;;;;;;;;;;;;;;;;;;;;;;;;;;;;;;;;;;;;;;;;;;;;;;;;;;
;;;;;;;;;;;;;;;;;;;;;;;;;;;;;;;;;;;;;;;;;;;;;;;;;;;;;
;;;;;;;;;;;;;;;;;;;;;;;;;;;;;;;;;;;;;;;;;;;;;;;;;;;;;
;;;;;;;;;;;;;;;;;;;;;;;;;;;;;;;;;;;;;;;;;;;;;;;;;;;;;
;;;;;;;;;;;;;;;;;;;;;;;;;;;;;;;;;;;;;;;;;;;;;;;;;;;;;
;;;;;;;;;;;;;;;;;;;;;;;;;;;;;;;;;;;;;;;;;;;;;;;;;;;;;
;;;;;;;;;;;;;;;;;;;;;;;;;;;;;;;;;;;;;;;;;;;;;;;;;;;;;
;;;;;;;;;;;;;;;;;;;;;;;;;;;;;;;;;;;;;;;;;;;;;;;;;;;;;
;;;;;;;;;;;;;;;;;;;;;;;;;;;;;;;;;;;;;;;;;;;;;;;;;;;;;
;;;;;;;;;;;;;;;;;;;;;;;;;;;;;;;;;;;;;;;;;;;;;;;;;;;;;
;;;;;;;;;;;;;;;;;;;;;;;;;;;;;;;;;;;;;;;;;;;;;;;;;;;;;
;;;;;;;;;;;;;;;;;;;;;;;;;;;;;;;;;;;;;;;;;;;;;;;;;;;;;
;;;;;;;;;;;;;;;;;;;;;;;;;;;;;;;;;;;;;;;;;;;;;;;;;;;;;
;;;;;;;;;;;;;;;;;;;;;;;;;;;;;;;;;;;;;;;;;;;;;;;;;;;;;
;;;;;;;;;;;;;;;;;;;;;;;;;;;;;;;;;;;;;;;;;;;;;;;;;;;;;
;;;;;;;;;;;;;;;;;;;;;;;;;;;;;;;;;;;;;;;;;;;;;;;;;;;;;
;;;;;;;;;;;;;;;;;;;;;;;;;;;;;;;;;;;;;;;;;;;;;;;;;;;;;
;;;;;;;;;;;;;;;;;;;;;;;;;;;;;;;;;;;;;;;;;;;;;;;;;;;;;
;;;;;;;;;;;;;;;;;;;;;;;;;;;;;;;;;;;;;;;;;;;;;;;;;;;;;
;;;;;;;;;;;;;;;;;;;;;;;;;;;;;;;;;;;;;;;;;;;;;;;;;;;;;
;;;;;;;;;;;;;;;;;;;;;;;;;;;;;;;;;;;;;;;;;;;;;;;;;;;;;
;;;;;;;;;;;;;;;;;;;;;;;;;;;;;;;;;;;;;;;;;;;;;;;;;;;;;
;;;;;;;;;;;;;;;;;;;;;;;;;;;;;;;;;;;;;;;;;;;;;;;;;;;;;
;;;;;;;;;;;;;;;;;;;;;;;;;;;;;;;;;;;;;;;;;;;;;;;;;;;;;
;;;;;;;;;;;;;;;;;;;;;;;;;;;;;;;;;;;;;;;;;;;;;;;;;;;;;
;;;;;;;;;;;;;;;;;;;;;;;;;;;;;;;;;;;;;;;;;;;;;;;;;;;;;
;;;;;;;;;;;;;;;;;;;;;;;;;;;;;;;;;;;;;;;;;;;;;;;;;;;;;
;;;;;;;;;;;;;;;;;;;;;;;;;;;;;;;;;;;;;;;;;;;;;;;;;;;;;
;;;;;;;;;;;;;;;;;;;;;;;;;;;;;;;;;;;;;;;;;;;;;;;;;;;;;
;;;;;;;;;;;;;;;;;;;;;;;;;;;;;;;;;;;;;;;;;;;;;;;;;;;;;
;;;;;;;;;;;;;;;;;;;;;;;;;;;;;;;;;;;;;;;;;;;;;;;;;;;;;
;;;;;;;;;;;;;;;;;;;;;;;;;;;;;;;;;;;;;;;;;;;;;;;;;;;;;
;;;;;;;;;;;;;;;;;;;;;;;;;;;;;;;;;;;;;;;;;;;;;;;;;;;;;
;;;;;;;;;;;;;;;;;;;;;;;;;;;;;;;;;;;;;;;;;;;;;;;;;;;;;
;;;;;;;;;;;;;;;;;;;;;;;;;;;;;;;;;;;;;;;;;;;;;;;;;;;;;
;;;;;;;;;;;;;;;;;;;;;;;;;;;;;;;;;;;;;;;;;;;;;;;;;;;;;
;;;;;;;;;;;;;;;;;;;;;;;;;;;;;;;;;;;;;;;;;;;;;;;;;;;;;
;;;;;;;;;;;;;;;;;;;;;;;;;;;;;;;;;;;;;;;;;;;;;;;;;;;;;
;;;;;;;;;;;;;;;;;;;;;;;;;;;;;;;;;;;;;;;;;;;;;;;;;;;;;
;;;;;;;;;;;;;;;;;;;;;;;;;;;;;;;;;;;;;;;;;;;;;;;;;;;;;
;;;;;;;;;;;;;;;;;;;;;;;;;;;;;;;;;;;;;;;;;;;;;;;;;;;;;
;;;;;;;;;;;;;;;;;;;;;;;;;;;;;;;;;;;;;;;;;;;;;;;;;;;;;
;;;;;;;;;;;;;;;;;;;;;;;;;;;;;;;;;;;;;;;;;;;;;;;;;;;;;
;;;;;;;;;;;;;;;;;;;;;;;;;;;;;;;;;;;;;;;;;;;;;;;;;;;;;
;;;;;;;;;;;;;;;;;;;;;;;;;;;;;;;;;;;;;;;;;;;;;;;;;;;;;
;;;;;;;;;;;;;;;;;;;;;;;;;;;;;;;;;;;;;;;;;;;;;;;;;;;;;
;;;;;;;;;;;;;;;;;;;;;;;;;;;;;;;;;;;;;;;;;;;;;;;;;;;;;
;;;;;;;;;;;;;;;;;;;;;;;;;;;;;;;;;;;;;;;;;;;;;;;;;;;;;
;;;;;;;;;;;;;;;;;;;;;;;;;;;;;;;;;;;;;;;;;;;;;;;;;;;;;
;;;;;;;;;;;;;;;;;;;;;;;;;;;;;;;;;;;;;;;;;;;;;;;;;;;;;
;;;;;;;;;;;;;;;;;;;;;;;;;;;;;;;;;;;;;;;;;;;;;;;;;;;;;
;;;;;;;;;;;;;;;;;;;;;;;;;;;;;;;;;;;;;;;;;;;;;;;;;;;;;
;;;;;;;;;;;;;;;;;;;;;;;;;;;;;;;;;;;;;;;;;;;;;;;;;;;;;
;;;;;;;;;;;;;;;;;;;;;;;;;;;;;;;;;;;;;;;;;;;;;;;;;;;;;
;;;;;;;;;;;;;;;;;;;;;;;;;;;;;;;;;;;;;;;;;;;;;;;;;;;;;
;;;;;;;;;;;;;;;;;;;;;;;;;;;;;;;;;;;;;;;;;;;;;;;;;;;;;
;;;;;;;;;;;;;;;;;;;;;;;;;;;;;;;;;;;;;;;;;;;;;;;;;;;;;
;;;;;;;;;;;;;;;;;;;;;;;;;;;;;;;;;;;;;;;;;;;;;;;;;;;;;
;;;;;;;;;;;;;;;;;;;;;;;;;;;;;;;;;;;;;;;;;;;;;;;;;;;;;
;;;;;;;;;;;;;;;;;;;;;;;;;;;;;;;;;;;;;;;;;;;;;;;;;;;;;
;;;;;;;;;;;;;;;;;;;;;;;;;;;;;;;;;;;;;;;;;;;;;;;;;;;;;
;;;;;;;;;;;;;;;;;;;;;;;;;;;;;;;;;;;;;;;;;;;;;;;;;;;;;
;;;;;;;;;;;;;;;;;;;;;;;;;;;;;;;;;;;;;;;;;;;;;;;;;;;;;
;;;;;;;;;;;;;;;;;;;;;;;;;;;;;;;;;;;;;;;;;;;;;;;;;;;;;
;;;;;;;;;;;;;;;;;;;;;;;;;;;;;;;;;;;;;;;;;;;;;;;;;;;;;
;;;;;;;;;;;;;;;;;;;;;;;;;;;;;;;;;;;;;;;;;;;;;;;;;;;;;
;;;;;;;;;;;;;;;;;;;;;;;;;;;;;;;;;;;;;;;;;;;;;;;;;;;;;
;;;;;;;;;;;;;;;;;;;;;;;;;;;;;;;;;;;;;;;;;;;;;;;;;;;;;
;;;;;;;;;;;;;;;;;;;;;;;;;;;;;;;;;;;;;;;;;;;;;;;;;;;;;
;;;;;;;;;;;;;;;;;;;;;;;;;;;;;;;;;;;;;;;;;;;;;;;;;;;;;
;;;;;;;;;;;;;;;;;;;;;;;;;;;;;;;;;;;;;;;;;;;;;;;;;;;;;
;;;;;;;;;;;;;;;;;;;;;;;;;;;;;;;;;;;;;;;;;;;;;;;;;;;;;
;;;;;;;;;;;;;;;;;;;;;;;;;;;;;;;;;;;;;;;;;;;;;;;;;;;;;
;;;;;;;;;;;;;;;;;;;;;;;;;;;;;;;;;;;;;;;;;;;;;;;;;;;;;
;;;;;;;;;;;;;;;;;;;;;;;;;;;;;;;;;;;;;;;;;;;;;;;;;;;;;
;;;;;;;;;;;;;;;;;;;;;;;;;;;;;;;;;;;;;;;;;;;;;;;;;;;;;
;;;;;;;;;;;;;;;;;;;;;;;;;;;;;;;;;;;;;;;;;;;;;;;;;;;;;
;;;;;;;;;;;;;;;;;;;;;;;;;;;;;;;;;;;;;;;;;;;;;;;;;;;;;
;;;;;;;;;;;;;;;;;;;;;;;;;;;;;;;;;;;;;;;;;;;;;;;;;;;;;
;;;;;;;;;;;;;;;;;;;;;;;;;;;;;;;;;;;;;;;;;;;;;;;;;;;;;
;;;;;;;;;;;;;;;;;;;;;;;;;;;;;;;;;;;;;;;;;;;;;;;;;;;;;
;;;;;;;;;;;;;;;;;;;;;;;;;;;;;;;;;;;;;;;;;;;;;;;;;;;;;
;;;;;;;;;;;;;;;;;;;;;;;;;;;;;;;;;;;;;;;;;;;;;;;;;;;;;
;;;;;;;;;;;;;;;;;;;;;;;;;;;;;;;;;;;;;;;;;;;;;;;;;;;;;
;;;;;;;;;;;;;;;;;;;;;;;;;;;;;;;;;;;;;;;;;;;;;;;;;;;;;
;;;;;;;;;;;;;;;;;;;;;;;;;;;;;;;;;;;;;;;;;;;;;;;;;;;;;
;;;;;;;;;;;;;;;;;;;;;;;;;;;;;;;;;;;;;;;;;;;;;;;;;;;;;
;;;;;;;;;;;;;;;;;;;;;;;;;;;;;;;;;;;;;;;;;;;;;;;;;;;;;
;;;;;;;;;;;;;;;;;;;;;;;;;;;;;;;;;;;;;;;;;;;;;;;;;;;;;
;;;;;;;;;;;;;;;;;;;;;;;;;;;;;;;;;;;;;;;;;;;;;;;;;;;;;
;;;;;;;;;;;;;;;;;;;;;;;;;;;;;;;;;;;;;;;;;;;;;;;;;;;;;
;;;;;;;;;;;;;;;;;;;;;;;;;;;;;;;;;;;;;;;;;;;;;;;;;;;;;
;;;;;;;;;;;;;;;;;;;;;;;;;;;;;;;;;;;;;;;;;;;;;;;;;;;;;
;;;;;;;;;;;;;;;;;;;;;;;;;;;;;;;;;;;;;;;;;;;;;;;;;;;;;
;;;;;;;;;;;;;;;;;;;;;;;;;;;;;;;;;;;;;;;;;;;;;;;;;;;;;
;;;;;;;;;;;;;;;;;;;;;;;;;;;;;;;;;;;;;;;;;;;;;;;;;;;;;
;;;;;;;;;;;;;;;;;;;;;;;;;;;;;;;;;;;;;;;;;;;;;;;;;;;;;
;;;;;;;;;;;;;;;;;;;;;;;;;;;;;;;;;;;;;;;;;;;;;;;;;;;;;
;;;;;;;;;;;;;;;;;;;;;;;;;;;;;;;;;;;;;;;;;;;;;;;;;;;;;
;;;;;;;;;;;;;;;;;;;;;;;;;;;;;;;;;;;;;;;;;;;;;;;;;;;;;
;;;;;;;;;;;;;;;;;;;;;;;;;;;;;;;;;;;;;;;;;;;;;;;;;;;;;
;;;;;;;;;;;;;;;;;;;;;;;;;;;;;;;;;;;;;;;;;;;;;;;;;;;;;
;;;;;;;;;;;;;;;;;;;;;;;;;;;;;;;;;;;;;;;;;;;;;;;;;;;;;
;;;;;;;;;;;;;;;;;;;;;;;;;;;;;;;;;;;;;;;;;;;;;;;;;;;;;
;;;;;;;;;;;;;;;;;;;;;;;;;;;;;;;;;;;;;;;;;;;;;;;;;;;;;
;;;;;;;;;;;;;;;;;;;;;;;;;;;;;;;;;;;;;;;;;;;;;;;;;;;;;
;;;;;;;;;;;;;;;;;;;;;;;;;;;;;;;;;;;;;;;;;;;;;;;;;;;;;
;;;;;;;;;;;;;;;;;;;;;;;;;;;;;;;;;;;;;;;;;;;;;;;;;;;;;
;;;;;;;;;;;;;;;;;;;;;;;;;;;;;;;;;;;;;;;;;;;;;;;;;;;;;
;;;;;;;;;;;;;;;;;;;;;;;;;;;;;;;;;;;;;;;;;;;;;;;;;;;;;
;;;;;;;;;;;;;;;;;;;;;;;;;;;;;;;;;;;;;;;;;;;;;;;;;;;;;
;;;;;;;;;;;;;;;;;;;;;;;;;;;;;;;;;;;;;;;;;;;;;;;;;;;;;
;;;;;;;;;;;;;;;;;;;;;;;;;;;;;;;;;;;;;;;;;;;;;;;;;;;;;
;;;;;;;;;;;;;;;;;;;;;;;;;;;;;;;;;;;;;;;;;;;;;;;;;;;;;
;;;;;;;;;;;;;;;;;;;;;;;;;;;;;;;;;;;;;;;;;;;;;;;;;;;;;
;;;;;;;;;;;;;;;;;;;;;;;;;;;;;;;;;;;;;;;;;;;;;;;;;;;;;
;;;;;;;;;;;;;;;;;;;;;;;;;;;;;;;;;;;;;;;;;;;;;;;;;;;;;
;;;;;;;;;;;;;;;;;;;;;;;;;;;;;;;;;;;;;;;;;;;;;;;;;;;;;
;;;;;;;;;;;;;;;;;;;;;;;;;;;;;;;;;;;;;;;;;;;;;;;;;;;;;
;;;;;;;;;;;;;;;;;;;;;;;;;;;;;;;;;;;;;;;;;;;;;;;;;;;;;
;;;;;;;;;;;;;;;;;;;;;;;;;;;;;;;;;;;;;;;;;;;;;;;;;;;;;
;;;;;;;;;;;;;;;;;;;;;;;;;;;;;;;;;;;;;;;;;;;;;;;;;;;;;
;;;;;;;;;;;;;;;;;;;;;;;;;;;;;;;;;;;;;;;;;;;;;;;;;;;;;
;;;;;;;;;;;;;;;;;;;;;;;;;;;;;;;;;;;;;;;;;;;;;;;;;;;;;
;;;;;;;;;;;;;;;;;;;;;;;;;;;;;;;;;;;;;;;;;;;;;;;;;;;;;
;;;;;;;;;;;;;;;;;;;;;;;;;;;;;;;;;;;;;;;;;;;;;;;;;;;;;
;;;;;;;;;;;;;;;;;;;;;;;;;;;;;;;;;;;;;;;;;;;;;;;;;;;;;
;;;;;;;;;;;;;;;;;;;;;;;;;;;;;;;;;;;;;;;;;;;;;;;;;;;;;
;;;;;;;;;;;;;;;;;;;;;;;;;;;;;;;;;;;;;;;;;;;;;;;;;;;;;
;;;;;;;;;;;;;;;;;;;;;;;;;;;;;;;;;;;;;;;;;;;;;;;;;;;;;
;;;;;;;;;;;;;;;;;;;;;;;;;;;;;;;;;;;;;;;;;;;;;;;;;;;;;
;;;;;;;;;;;;;;;;;;;;;;;;;;;;;;;;;;;;;;;;;;;;;;;;;;;;;
;;;;;;;;;;;;;;;;;;;;;;;;;;;;;;;;;;;;;;;;;;;;;;;;;;;;;
;;;;;;;;;;;;;;;;;;;;;;;;;;;;;;;;;;;;;;;;;;;;;;;;;;;;;
;;;;;;;;;;;;;;;;;;;;;;;;;;;;;;;;;;;;;;;;;;;;;;;;;;;;;
;;;;;;;;;;;;;;;;;;;;;;;;;;;;;;;;;;;;;;;;;;;;;;;;;;;;;
;;;;;;;;;;;;;;;;;;;;;;;;;;;;;;;;;;;;;;;;;;;;;;;;;;;;;
;;;;;;;;;;;;;;;;;;;;;;;;;;;;;;;;;;;;;;;;;;;;;;;;;;;;;
;;;;;;;;;;;;;;;;;;;;;;;;;;;;;;;;;;;;;;;;;;;;;;;;;;;;;
;;;;;;;;;;;;;;;;;;;;;;;;;;;;;;;;;;;;;;;;;;;;;;;;;;;;;
;;;;;;;;;;;;;;;;;;;;;;;;;;;;;;;;;;;;;;;;;;;;;;;;;;;;;
;;;;;;;;;;;;;;;;;;;;;;;;;;;;;;;;;;;;;;;;;;;;;;;;;;;;;
;;;;;;;;;;;;;;;;;;;;;;;;;;;;;;;;;;;;;;;;;;;;;;;;;;;;;
;;;;;;;;;;;;;;;;;;;;;;;;;;;;;;;;;;;;;;;;;;;;;;;;;;;;;
;;;;;;;;;;;;;;;;;;;;;;;;;;;;;;;;;;;;;;;;;;;;;;;;;;;;;
;;;;;;;;;;;;;;;;;;;;;;;;;;;;;;;;;;;;;;;;;;;;;;;;;;;;;
;;;;;;;;;;;;;;;;;;;;;;;;;;;;;;;;;;;;;;;;;;;;;;;;;;;;;
;;;;;;;;;;;;;;;;;;;;;;;;;;;;;;;;;;;;;;;;;;;;;;;;;;;;;
;;;;;;;;;;;;;;;;;;;;;;;;;;;;;;;;;;;;;;;;;;;;;;;;;;;;;
;;;;;;;;;;;;;;;;;;;;;;;;;;;;;;;;;;;;;;;;;;;;;;;;;;;;;
;;;;;;;;;;;;;;;;;;;;;;;;;;;;;;;;;;;;;;;;;;;;;;;;;;;;;
;;;;;;;;;;;;;;;;;;;;;;;;;;;;;;;;;;;;;;;;;;;;;;;;;;;;;
;;;;;;;;;;;;;;;;;;;;;;;;;;;;;;;;;;;;;;;;;;;;;;;;;;;;;
;;;;;;;;;;;;;;;;;;;;;;;;;;;;;;;;;;;;;;;;;;;;;;;;;;;;;
;;;;;;;;;;;;;;;;;;;;;;;;;;;;;;;;;;;;;;;;;;;;;;;;;;;;;
;;;;;;;;;;;;;;;;;;;;;;;;;;;;;;;;;;;;;;;;;;;;;;;;;;;;;
;;;;;;;;;;;;;;;;;;;;;;;;;;;;;;;;;;;;;;;;;;;;;;;;;;;;;
;;;;;;;;;;;;;;;;;;;;;;;;;;;;;;;;;;;;;;;;;;;;;;;;;;;;;
;;;;;;;;;;;;;;;;;;;;;;;;;;;;;;;;;;;;;;;;;;;;;;;;;;;;;
;;;;;;;;;;;;;;;;;;;;;;;;;;;;;;;;;;;;;;;;;;;;;;;;;;;;;
;;;;;;;;;;;;;;;;;;;;;;;;;;;;;;;;;;;;;;;;;;;;;;;;;;;;;
;;;;;;;;;;;;;;;;;;;;;;;;;;;;;;;;;;;;;;;;;;;;;;;;;;;;;
;;;;;;;;;;;;;;;;;;;;;;;;;;;;;;;;;;;;;;;;;;;;;;;;;;;;;
;;;;;;;;;;;;;;;;;;;;;;;;;;;;;;;;;;;;;;;;;;;;;;;;;;;;;
;;;;;;;;;;;;;;;;;;;;;;;;;;;;;;;;;;;;;;;;;;;;;;;;;;;;;
;;;;;;;;;;;;;;;;;;;;;;;;;;;;;;;;;;;;;;;;;;;;;;;;;;;;;
;;;;;;;;;;;;;;;;;;;;;;;;;;;;;;;;;;;;;;;;;;;;;;;;;;;;;
;;;;;;;;;;;;;;;;;;;;;;;;;;;;;;;;;;;;;;;;;;;;;;;;;;;;;
;;;;;;;;;;;;;;;;;;;;;;;;;;;;;;;;;;;;;;;;;;;;;;;;;;;;;
;;;;;;;;;;;;;;;;;;;;;;;;;;;;;;;;;;;;;;;;;;;;;;;;;;;;;
;;;;;;;;;;;;;;;;;;;;;;;;;;;;;;;;;;;;;;;;;;;;;;;;;;;;;
;;;;;;;;;;;;;;;;;;;;;;;;;;;;;;;;;;;;;;;;;;;;;;;;;;;;;
;;;;;;;;;;;;;;;;;;;;;;;;;;;;;;;;;;;;;;;;;;;;;;;;;;;;;
;;;;;;;;;;;;;;;;;;;;;;;;;;;;;;;;;;;;;;;;;;;;;;;;;;;;;
;;;;;;;;;;;;;;;;;;;;;;;;;;;;;;;;;;;;;;;;;;;;;;;;;;;;;
;;;;;;;;;;;;;;;;;;;;;;;;;;;;;;;;;;;;;;;;;;;;;;;;;;;;;
;;;;;;;;;;;;;;;;;;;;;;;;;;;;;;;;;;;;;;;;;;;;;;;;;;;;;
;;;;;;;;;;;;;;;;;;;;;;;;;;;;;;;;;;;;;;;;;;;;;;;;;;;;;
;;;;;;;;;;;;;;;;;;;;;;;;;;;;;;;;;;;;;;;;;;;;;;;;;;;;;
;;;;;;;;;;;;;;;;;;;;;;;;;;;;;;;;;;;;;;;;;;;;;;;;;;;;;
;;;;;;;;;;;;;;;;;;;;;;;;;;;;;;;;;;;;;;;;;;;;;;;;;;;;;
;;;;;;;;;;;;;;;;;;;;;;;;;;;;;;;;;;;;;;;;;;;;;;;;;;;;;
;;;;;;;;;;;;;;;;;;;;;;;;;;;;;;;;;;;;;;;;;;;;;;;;;;;;;
;;;;;;;;;;;;;;;;;;;;;;;;;;;;;;;;;;;;;;;;;;;;;;;;;;;;;
;;;;;;;;;;;;;;;;;;;;;;;;;;;;;;;;;;;;;;;;;;;;;;;;;;;;;
;;;;;;;;;;;;;;;;;;;;;;;;;;;;;;;;;;;;;;;;;;;;;;;;;;;;;
;;;;;;;;;;;;;;;;;;;;;;;;;;;;;;;;;;;;;;;;;;;;;;;;;;;;;
;;;;;;;;;;;;;;;;;;;;;;;;;;;;;;;;;;;;;;;;;;;;;;;;;;;;;
;;;;;;;;;;;;;;;;;;;;;;;;;;;;;;;;;;;;;;;;;;;;;;;;;;;;;
;;;;;;;;;;;;;;;;;;;;;;;;;;;;;;;;;;;;;;;;;;;;;;;;;;;;;
;;;;;;;;;;;;;;;;;;;;;;;;;;;;;;;;;;;;;;;;;;;;;;;;;;;;;
;;;;;;;;;;;;;;;;;;;;;;;;;;;;;;;;;;;;;;;;;;;;;;;;;;;;;
;;;;;;;;;;;;;;;;;;;;;;;;;;;;;;;;;;;;;;;;;;;;;;;;;;;;;
;;;;;;;;;;;;;;;;;;;;;;;;;;;;;;;;;;;;;;;;;;;;;;;;;;;;;
;;;;;;;;;;;;;;;;;;;;;;;;;;;;;;;;;;;;;;;;;;;;;;;;;;;;;
;;;;;;;;;;;;;;;;;;;;;;;;;;;;;;;;;;;;;;;;;;;;;;;;;;;;;
;;;;;;;;;;;;;;;;;;;;;;;;;;;;;;;;;;;;;;;;;;;;;;;;;;;;;
;;;;;;;;;;;;;;;;;;;;;;;;;;;;;;;;;;;;;;;;;;;;;;;;;;;;;
;;;;;;;;;;;;;;;;;;;;;;;;;;;;;;;;;;;;;;;;;;;;;;;;;;;;;
;;;;;;;;;;;;;;;;;;;;;;;;;;;;;;;;;;;;;;;;;;;;;;;;;;;;;
;;;;;;;;;;;;;;;;;;;;;;;;;;;;;;;;;;;;;;;;;;;;;;;;;;;;;
;;;;;;;;;;;;;;;;;;;;;;;;;;;;;;;;;;;;;;;;;;;;;;;;;;;;;
;;;;;;;;;;;;;;;;;;;;;;;;;;;;;;;;;;;;;;;;;;;;;;;;;;;;;
;;;;;;;;;;;;;;;;;;;;;;;;;;;;;;;;;;;;;;;;;;;;;;;;;;;;;
;;;;;;;;;;;;;;;;;;;;;;;;;;;;;;;;;;;;;;;;;;;;;;;;;;;;;
;;;;;;;;;;;;;;;;;;;;;;;;;;;;;;;;;;;;;;;;;;;;;;;;;;;;;
;;;;;;;;;;;;;;;;;;;;;;;;;;;;;;;;;;;;;;;;;;;;;;;;;;;;;
;;;;;;;;;;;;;;;;;;;;;;;;;;;;;;;;;;;;;;;;;;;;;;;;;;;;;
;;;;;;;;;;;;;;;;;;;;;;;;;;;;;;;;;;;;;;;;;;;;;;;;;;;;;
;;;;;;;;;;;;;;;;;;;;;;;;;;;;;;;;;;;;;;;;;;;;;;;;;;;;;
;;;;;;;;;;;;;;;;;;;;;;;;;;;;;;;;;;;;;;;;;;;;;;;;;;;;;
;;;;;;;;;;;;;;;;;;;;;;;;;;;;;;;;;;;;;;;;;;;;;;;;;;;;;
;;;;;;;;;;;;;;;;;;;;;;;;;;;;;;;;;;;;;;;;;;;;;;;;;;;;;
;;;;;;;;;;;;;;;;;;;;;;;;;;;;;;;;;;;;;;;;;;;;;;;;;;;;;
;;;;;;;;;;;;;;;;;;;;;;;;;;;;;;;;;;;;;;;;;;;;;;;;;;;;;
;;;;;;;;;;;;;;;;;;;;;;;;;;;;;;;;;;;;;;;;;;;;;;;;;;;;;
;;;;;;;;;;;;;;;;;;;;;;;;;;;;;;;;;;;;;;;;;;;;;;;;;;;;;
;;;;;;;;;;;;;;;;;;;;;;;;;;;;;;;;;;;;;;;;;;;;;;;;;;;;;
;;;;;;;;;;;;;;;;;;;;;;;;;;;;;;;;;;;;;;;;;;;;;;;;;;;;;
;;;;;;;;;;;;;;;;;;;;;;;;;;;;;;;;;;;;;;;;;;;;;;;;;;;;;
;;;;;;;;;;;;;;;;;;;;;;;;;;;;;;;;;;;;;;;;;;;;;;;;;;;;;
;;;;;;;;;;;;;;;;;;;;;;;;;;;;;;;;;;;;;;;;;;;;;;;;;;;;;
;;;;;;;;;;;;;;;;;;;;;;;;;;;;;;;;;;;;;;;;;;;;;;;;;;;;;
;;;;;;;;;;;;;;;;;;;;;;;;;;;;;;;;;;;;;;;;;;;;;;;;;;;;;
;;;;;;;;;;;;;;;;;;;;;;;;;;;;;;;;;;;;;;;;;;;;;;;;;;;;;
;;;;;;;;;;;;;;;;;;;;;;;;;;;;;;;;;;;;;;;;;;;;;;;;;;;;;
;;;;;;;;;;;;;;;;;;;;;;;;;;;;;;;;;;;;;;;;;;;;;;;;;;;;;
;;;;;;;;;;;;;;;;;;;;;;;;;;;;;;;;;;;;;;;;;;;;;;;;;;;;;
;;;;;;;;;;;;;;;;;;;;;;;;;;;;;;;;;;;;;;;;;;;;;;;;;;;;;
;;;;;;;;;;;;;;;;;;;;;;;;;;;;;;;;;;;;;;;;;;;;;;;;;;;;;
;;;;;;;;;;;;;;;;;;;;;;;;;;;;;;;;;;;;;;;;;;;;;;;;;;;;;
;;;;;;;;;;;;;;;;;;;;;;;;;;;;;;;;;;;;;;;;;;;;;;;;;;;;;
;;;;;;;;;;;;;;;;;;;;;;;;;;;;;;;;;;;;;;;;;;;;;;;;;;;;;
;;;;;;;;;;;;;;;;;;;;;;;;;;;;;;;;;;;;;;;;;;;;;;;;;;;;;
;;;;;;;;;;;;;;;;;;;;;;;;;;;;;;;;;;;;;;;;;;;;;;;;;;;;;
;;;;;;;;;;;;;;;;;;;;;;;;;;;;;;;;;;;;;;;;;;;;;;;;;;;;;
;;;;;;;;;;;;;;;;;;;;;;;;;;;;;;;;;;;;;;;;;;;;;;;;;;;;;
;;;;;;;;;;;;;;;;;;;;;;;;;;;;;;;;;;;;;;;;;;;;;;;;;;;;;
;;;;;;;;;;;;;;;;;;;;;;;;;;;;;;;;;;;;;;;;;;;;;;;;;;;;;
;;;;;;;;;;;;;;;;;;;;;;;;;;;;;;;;;;;;;;;;;;;;;;;;;;;;;
;;;;;;;;;;;;;;;;;;;;;;;;;;;;;;;;;;;;;;;;;;;;;;;;;;;;;
;;;;;;;;;;;;;;;;;;;;;;;;;;;;;;;;;;;;;;;;;;;;;;;;;;;;;
;;;;;;;;;;;;;;;;;;;;;;;;;;;;;;;;;;;;;;;;;;;;;;;;;;;;;
;;;;;;;;;;;;;;;;;;;;;;;;;;;;;;;;;;;;;;;;;;;;;;;;;;;;;
;;;;;;;;;;;;;;;;;;;;;;;;;;;;;;;;;;;;;;;;;;;;;;;;;;;;;
;;;;;;;;;;;;;;;;;;;;;;;;;;;;;;;;;;;;;;;;;;;;;;;;;;;;;
;;;;;;;;;;;;;;;;;;;;;;;;;;;;;;;;;;;;;;;;;;;;;;;;;;;;;
;;;;;;;;;;;;;;;;;;;;;;;;;;;;;;;;;;;;;;;;;;;;;;;;;;;;;
;;;;;;;;;;;;;;;;;;;;;;;;;;;;;;;;;;;;;;;;;;;;;;;;;;;;;
;;;;;;;;;;;;;;;;;;;;;;;;;;;;;;;;;;;;;;;;;;;;;;;;;;;;;
;;;;;;;;;;;;;;;;;;;;;;;;;;;;;;;;;;;;;;;;;;;;;;;;;;;;;
;;;;;;;;;;;;;;;;;;;;;;;;;;;;;;;;;;;;;;;;;;;;;;;;;;;;;
;;;;;;;;;;;;;;;;;;;;;;;;;;;;;;;;;;;;;;;;;;;;;;;;;;;;;
;;;;;;;;;;;;;;;;;;;;;;;;;;;;;;;;;;;;;;;;;;;;;;;;;;;;;
;;;;;;;;;;;;;;;;;;;;;;;;;;;;;;;;;;;;;;;;;;;;;;;;;;;;;
;;;;;;;;;;;;;;;;;;;;;;;;;;;;;;;;;;;;;;;;;;;;;;;;;;;;;
;;;;;;;;;;;;;;;;;;;;;;;;;;;;;;;;;;;;;;;;;;;;;;;;;;;;;
;;;;;;;;;;;;;;;;;;;;;;;;;;;;;;;;;;;;;;;;;;;;;;;;;;;;;
;;;;;;;;;;;;;;;;;;;;;;;;;;;;;;;;;;;;;;;;;;;;;;;;;;;;;
;;;;;;;;;;;;;;;;;;;;;;;;;;;;;;;;;;;;;;;;;;;;;;;;;;;;;
;;;;;;;;;;;;;;;;;;;;;;;;;;;;;;;;;;;;;;;;;;;;;;;;;;;;;
;;;;;;;;;;;;;;;;;;;;;;;;;;;;;;;;;;;;;;;;;;;;;;;;;;;;;
;;;;;;;;;;;;;;;;;;;;;;;;;;;;;;;;;;;;;;;;;;;;;;;;;;;;;
;;;;;;;;;;;;;;;;;;;;;;;;;;;;;;;;;;;;;;;;;;;;;;;;;;;;;
;;;;;;;;;;;;;;;;;;;;;;;;;;;;;;;;;;;;;;;;;;;;;;;;;;;;;
;;;;;;;;;;;;;;;;;;;;;;;;;;;;;;;;;;;;;;;;;;;;;;;;;;;;;
;;;;;;;;;;;;;;;;;;;;;;;;;;;;;;;;;;;;;;;;;;;;;;;;;;;;;
;;;;;;;;;;;;;;;;;;;;;;;;;;;;;;;;;;;;;;;;;;;;;;;;;;;;;
;;;;;;;;;;;;;;;;;;;;;;;;;;;;;;;;;;;;;;;;;;;;;;;;;;;;;
;;;;;;;;;;;;;;;;;;;;;;;;;;;;;;;;;;;;;;;;;;;;;;;;;;;;;
;;;;;;;;;;;;;;;;;;;;;;;;;;;;;;;;;;;;;;;;;;;;;;;;;;;;;
;;;;;;;;;;;;;;;;;;;;;;;;;;;;;;;;;;;;;;;;;;;;;;;;;;;;;
;;;;;;;;;;;;;;;;;;;;;;;;;;;;;;;;;;;;;;;;;;;;;;;;;;;;;
;;;;;;;;;;;;;;;;;;;;;;;;;;;;;;;;;;;;;;;;;;;;;;;;;;;;;
;;;;;;;;;;;;;;;;;;;;;;;;;;;;;;;;;;;;;;;;;;;;;;;;;;;;;
;;;;;;;;;;;;;;;;;;;;;;;;;;;;;;;;;;;;;;;;;;;;;;;;;;;;;
;;;;;;;;;;;;;;;;;;;;;;;;;;;;;;;;;;;;;;;;;;;;;;;;;;;;;
;;;;;;;;;;;;;;;;;;;;;;;;;;;;;;;;;;;;;;;;;;;;;;;;;;;;;
;;;;;;;;;;;;;;;;;;;;;;;;;;;;;;;;;;;;;;;;;;;;;;;;;;;;;
;;;;;;;;;;;;;;;;;;;;;;;;;;;;;;;;;;;;;;;;;;;;;;;;;;;;;
;;;;;;;;;;;;;;;;;;;;;;;;;;;;;;;;;;;;;;;;;;;;;;;;;;;;;
;;;;;;;;;;;;;;;;;;;;;;;;;;;;;;;;;;;;;;;;;;;;;;;;;;;;;
;;;;;;;;;;;;;;;;;;;;;;;;;;;;;;;;;;;;;;;;;;;;;;;;;;;;;
;;;;;;;;;;;;;;;;;;;;;;;;;;;;;;;;;;;;;;;;;;;;;;;;;;;;;
;;;;;;;;;;;;;;;;;;;;;;;;;;;;;;;;;;;;;;;;;;;;;;;;;;;;;
;;;;;;;;;;;;;;;;;;;;;;;;;;;;;;;;;;;;;;;;;;;;;;;;;;;;;
;;;;;;;;;;;;;;;;;;;;;;;;;;;;;;;;;;;;;;;;;;;;;;;;;;;;;
;;;;;;;;;;;;;;;;;;;;;;;;;;;;;;;;;;;;;;;;;;;;;;;;;;;;;
;;;;;;;;;;;;;;;;;;;;;;;;;;;;;;;;;;;;;;;;;;;;;;;;;;;;;
;;;;;;;;;;;;;;;;;;;;;;;;;;;;;;;;;;;;;;;;;;;;;;;;;;;;;
;;;;;;;;;;;;;;;;;;;;;;;;;;;;;;;;;;;;;;;;;;;;;;;;;;;;;
;;;;;;;;;;;;;;;;;;;;;;;;;;;;;;;;;;;;;;;;;;;;;;;;;;;;;
;;;;;;;;;;;;;;;;;;;;;;;;;;;;;;;;;;;;;;;;;;;;;;;;;;;;;
;;;;;;;;;;;;;;;;;;;;;;;;;;;;;;;;;;;;;;;;;;;;;;;;;;;;;
;;;;;;;;;;;;;;;;;;;;;;;;;;;;;;;;;;;;;;;;;;;;;;;;;;;;;
;;;;;;;;;;;;;;;;;;;;;;;;;;;;;;;;;;;;;;;;;;;;;;;;;;;;;
;;;;;;;;;;;;;;;;;;;;;;;;;;;;;;;;;;;;;;;;;;;;;;;;;;;;;
;;;;;;;;;;;;;;;;;;;;;;;;;;;;;;;;;;;;;;;;;;;;;;;;;;;;;
;;;;;;;;;;;;;;;;;;;;;;;;;;;;;;;;;;;;;;;;;;;;;;;;;;;;;
;;;;;;;;;;;;;;;;;;;;;;;;;;;;;;;;;;;;;;;;;;;;;;;;;;;;;
;;;;;;;;;;;;;;;;;;;;;;;;;;;;;;;;;;;;;;;;;;;;;;;;;;;;;
;;;;;;;;;;;;;;;;;;;;;;;;;;;;;;;;;;;;;;;;;;;;;;;;;;;;;
;;;;;;;;;;;;;;;;;;;;;;;;;;;;;;;;;;;;;;;;;;;;;;;;;;;;;
;;;;;;;;;;;;;;;;;;;;;;;;;;;;;;;;;;;;;;;;;;;;;;;;;;;;;
;;;;;;;;;;;;;;;;;;;;;;;;;;;;;;;;;;;;;;;;;;;;;;;;;;;;;
;;;;;;;;;;;;;;;;;;;;;;;;;;;;;;;;;;;;;;;;;;;;;;;;;;;;;
;;;;;;;;;;;;;;;;;;;;;;;;;;;;;;;;;;;;;;;;;;;;;;;;;;;;;
;;;;;;;;;;;;;;;;;;;;;;;;;;;;;;;;;;;;;;;;;;;;;;;;;;;;;
;;;;;;;;;;;;;;;;;;;;;;;;;;;;;;;;;;;;;;;;;;;;;;;;;;;;;
;;;;;;;;;;;;;;;;;;;;;;;;;;;;;;;;;;;;;;;;;;;;;;;;;;;;;
;;;;;;;;;;;;;;;;;;;;;;;;;;;;;;;;;;;;;;;;;;;;;;;;;;;;;
;;;;;;;;;;;;;;;;;;;;;;;;;;;;;;;;;;;;;;;;;;;;;;;;;;;;;
;;;;;;;;;;;;;;;;;;;;;;;;;;;;;;;;;;;;;;;;;;;;;;;;;;;;;
;;;;;;;;;;;;;;;;;;;;;;;;;;;;;;;;;;;;;;;;;;;;;;;;;;;;;
;;;;;;;;;;;;;;;;;;;;;;;;;;;;;;;;;;;;;;;;;;;;;;;;;;;;;
;;;;;;;;;;;;;;;;;;;;;;;;;;;;;;;;;;;;;;;;;;;;;;;;;;;;;
;;;;;;;;;;;;;;;;;;;;;;;;;;;;;;;;;;;;;;;;;;;;;;;;;;;;;
;;;;;;;;;;;;;;;;;;;;;;;;;;;;;;;;;;;;;;;;;;;;;;;;;;;;;
;;;;;;;;;;;;;;;;;;;;;;;;;;;;;;;;;;;;;;;;;;;;;;;;;;;;;
;;;;;;;;;;;;;;;;;;;;;;;;;;;;;;;;;;;;;;;;;;;;;;;;;;;;;
;;;;;;;;;;;;;;;;;;;;;;;;;;;;;;;;;;;;;;;;;;;;;;;;;;;;;
;;;;;;;;;;;;;;;;;;;;;;;;;;;;;;;;;;;;;;;;;;;;;;;;;;;;;
;;;;;;;;;;;;;;;;;;;;;;;;;;;;;;;;;;;;;;;;;;;;;;;;;;;;;
;;;;;;;;;;;;;;;;;;;;;;;;;;;;;;;;;;;;;;;;;;;;;;;;;;;;;